Country,Years,Overnights visitors (tourists) (Thousands),Same-day visitors (excursionists) (Thousands),Total departures (Thousands)
ALBANIA,2001,,,955.0
ALBANIA,2002,,,1303.0
ALBANIA,2003,,,1350.0
ALBANIA,2004,,,1694.0
ALBANIA,2005,,,2097.0
ALBANIA,2006,,,2616.0
ALBANIA,2007,,,2979.0
ALBANIA,2008,,,3716.0
ALBANIA,2009,,,3404.0
ALBANIA,2010,,,3443.0
ALBANIA,2011,,,4120.0
ALBANIA,2012,,,3959.0
ALBANIA,2013,,,3928.0
ALBANIA,2014,,,4146.0
ALBANIA,2015,,,4504.0
ALBANIA,2016,,,4852.0
ALBANIA,2017,,,5186.0
ALBANIA,2018,,,5415.0
ALBANIA,2019,,,5922.0
ALBANIA,2020,,,2907.0
ALBANIA,2021,,,4191.0
ALBANIA,2022,,,5882.0
ALGERIA,2000,1006.0,,
ALGERIA,2001,1190.0,,
ALGERIA,2002,1257.0,,
ALGERIA,2003,1254.0,,
ALGERIA,2004,1417.0,,
ALGERIA,2005,1513.0,,
ALGERIA,2006,1349.0,,
ALGERIA,2007,1499.0,,
ALGERIA,2008,1539.0,,
ALGERIA,2009,1677.0,,
ALGERIA,2010,1757.0,,
ALGERIA,2011,1715.0,,
ALGERIA,2012,1911.0,,
ALGERIA,2013,2136.0,,
ALGERIA,2014,2839.0,,
ALGERIA,2015,3638.0,,
ALGERIA,2016,4530.0,,
ALGERIA,2017,5058.0,,
ALGERIA,2018,5610.0,,
ALGERIA,2019,5732.0,,
ALGERIA,2020,1386.0,,
ALGERIA,2021,344.0,,
ALGERIA,2022,2865.0,,
ARGENTINA,2000,4953.0,,
ARGENTINA,2001,4762.0,,
ARGENTINA,2002,3008.0,,
ARGENTINA,2003,3088.0,,
ARGENTINA,2004,3904.0,532.0,4436.0
ARGENTINA,2005,3894.0,587.0,4481.0
ARGENTINA,2006,3892.0,641.0,4533.0
ARGENTINA,2007,4167.0,761.0,4928.0
ARGENTINA,2008,4614.0,811.0,5425.0
ARGENTINA,2009,4981.0,812.0,5793.0
ARGENTINA,2010,5307.0,776.0,6083.0
ARGENTINA,2011,6686.0,990.0,7676.0
ARGENTINA,2012,7266.0,1029.0,8295.0
ARGENTINA,2013,6746.0,3098.0,9844.0
ARGENTINA,2014,6517.0,3505.0,10022.0
ARGENTINA,2015,7807.0,5352.0,13159.0
ARGENTINA,2016,10417.0,8228.0,18645.0
ARGENTINA,2017,12213.0,9370.0,21583.0
ARGENTINA,2018,11130.0,7281.0,18411.0
ARGENTINA,2019,9114.0,6238.0,15352.0
ARGENTINA,2020,2841.0,1246.0,4087.0
ARGENTINA,2021,833.0,241.0,1074.0
ARGENTINA,2022,5142.0,2749.0,7891.0
ARMENIA,2000,111.0,,
ARMENIA,2001,110.0,,
ARMENIA,2002,131.0,,
ARMENIA,2003,169.0,,
ARMENIA,2004,221.0,,
ARMENIA,2005,269.0,,
ARMENIA,2006,329.0,,
ARMENIA,2007,468.0,,
ARMENIA,2008,516.0,,
ARMENIA,2009,526.0,,
ARMENIA,2010,563.0,,
ARMENIA,2011,715.0,,
ARMENIA,2012,965.0,,
ARMENIA,2013,1083.0,,
ARMENIA,2014,1198.0,,
ARMENIA,2015,1187.0,,
ARMENIA,2016,1263.0,,
ARMENIA,2017,1482.0,,
ARMENIA,2018,1623.0,,
ARMENIA,2019,1868.0,,
ARMENIA,2020,346.0,,
ARMENIA,2021,423.0,,
ARMENIA,2022,1139.0,,
AUSTRALIA,2000,,,3498.0
AUSTRALIA,2001,,,3443.0
AUSTRALIA,2002,,,3461.0
AUSTRALIA,2003,,,3388.0
AUSTRALIA,2004,,,4369.0
AUSTRALIA,2005,,,4756.0
AUSTRALIA,2006,,,4941.0
AUSTRALIA,2007,,,5462.0
AUSTRALIA,2008,,,5808.0
AUSTRALIA,2009,,,6276.0
AUSTRALIA,2010,,,7103.0
AUSTRALIA,2011,,,7788.0
AUSTRALIA,2012,,,8212.0
AUSTRALIA,2013,,,9052.0
AUSTRALIA,2014,,,9480.0
AUSTRALIA,2015,,,9810.0
AUSTRALIA,2016,,,10390.0
AUSTRALIA,2017,,,10932.0
AUSTRALIA,2018,,,11403.0
AUSTRALIA,2019,,,11624.0
AUSTRALIA,2020,,,2832.0
AUSTRALIA,2021,,,301.0
AUSTRALIA,2022,,,5226.0
AUSTRIA,2000,7528.0,,
AUSTRIA,2001,8350.0,,
AUSTRIA,2002,8266.0,,
AUSTRIA,2003,8384.0,,
AUSTRIA,2004,8371.0,,
AUSTRIA,2005,8206.0,,
AUSTRIA,2006,10042.0,,
AUSTRIA,2007,9876.0,,
AUSTRIA,2008,9677.0,,
AUSTRIA,2009,10121.0,,
AUSTRIA,2010,9882.0,,
AUSTRIA,2011,9874.0,,
AUSTRIA,2012,10960.0,,
AUSTRIA,2013,10671.0,,
AUSTRIA,2014,10994.0,,
AUSTRIA,2015,10628.0,,
AUSTRIA,2016,11534.0,,
AUSTRIA,2017,11491.0,,
AUSTRIA,2018,11043.0,,
AUSTRIA,2019,11902.0,,
AUSTRIA,2020,3964.0,,
AUSTRIA,2021,7522.0,,
AUSTRIA,2022,11871.0,,
AZERBAIJAN,2000,,,1326.0
AZERBAIJAN,2001,,,1130.0
AZERBAIJAN,2002,,,1141.0
AZERBAIJAN,2003,,,1475.0
AZERBAIJAN,2004,,,1473.0
AZERBAIJAN,2005,887.0,943.0,1830.0
AZERBAIJAN,2006,890.0,946.0,1836.0
AZERBAIJAN,2007,791.0,840.0,1631.0
AZERBAIJAN,2008,1048.0,1114.0,2162.0
AZERBAIJAN,2009,1145.0,1217.0,2363.0
AZERBAIJAN,2010,1820.0,1356.0,3176.0
AZERBAIJAN,2011,2308.0,1242.0,3550.0
AZERBAIJAN,2012,2829.0,1045.0,3874.0
AZERBAIJAN,2013,3307.0,978.0,4285.0
AZERBAIJAN,2014,3319.0,925.0,4244.0
AZERBAIJAN,2015,3256.0,840.0,4096.0
AZERBAIJAN,2016,3592.0,690.0,4282.0
AZERBAIJAN,2017,3447.0,661.5,4109.0
AZERBAIJAN,2018,3919.0,989.0,4908.0
AZERBAIJAN,2019,4579.0,989.0,5568.0
AZERBAIJAN,2020,,,1165.0
AZERBAIJAN,2021,,,975.0
AZERBAIJAN,2022,1345.0,145.0,1490.0
BAHRAIN,2015,3676.0,1064.0,4741.0
BAHRAIN,2016,1842.0,1451.0,3293.0
BAHRAIN,2017,1744.0,1392.0,3136.0
BAHRAIN,2018,1520.0,1348.0,2868.0
BAHRAIN,2019,1550.0,1400.0,2950.0
BAHRAIN,2020,464.0,288.0,752.0
BANGLADESH,2000,1128.0,,
BANGLADESH,2001,1075.0,,
BANGLADESH,2002,1158.0,,
BANGLADESH,2003,1414.0,,
BANGLADESH,2004,1565.0,,
BANGLADESH,2005,1767.0,,
BANGLADESH,2006,1819.0,,
BANGLADESH,2007,2327.0,,
BANGLADESH,2008,875.0,,
BANGLADESH,2009,2254.0,,
BANGLADESH,2010,1913.0,,
BANGLADESH,2011,2127.0,,
BANGLADESH,2012,2273.0,,
BANGLADESH,2013,1460.0,,
BANGLADESH,2019,1564.0,,
BELARUS,2000,1289.0,,4747.0
BELARUS,2001,1387.0,,4008.0
BELARUS,2002,1436.0,,6160.0
BELARUS,2003,1108.0,,6518.0
BELARUS,2004,515.0,,6924.0
BELARUS,2005,572.0,,6596.0
BELARUS,2006,525.0,,6811.0
BELARUS,2007,517.0,,7512.0
BELARUS,2008,380.0,,6323.0
BELARUS,2009,316.0,,6440.0
BELARUS,2010,415.0,,7464.0
BELARUS,2011,320.0,,7542.0
BELARUS,2012,493.0,,8427.0
BELARUS,2013,708.0,,8841.0
BELARUS,2014,741.0,,7246.0
BELARUS,2015,671.0,68.0,6972.0
BELARUS,2016,468.0,28.0,8340.0
BELARUS,2017,706.0,21.0,9209.0
BELARUS,2018,836.0,15.0,9326.0
BELARUS,2019,963.0,20.0,9221.0
BELARUS,2020,254.0,5.0,2810.0
BELARUS,2021,477.0,2.0,2616.0
BELARUS,2022,344.0,5.0,3869.0
BELGIUM,2000,7932.0,,
BELGIUM,2001,6570.0,,
BELGIUM,2002,6773.0,,
BELGIUM,2003,7268.0,,
BELGIUM,2004,8783.0,,
BELGIUM,2005,9327.0,,
BELGIUM,2006,7852.0,,
BELGIUM,2007,8371.0,,
BELGIUM,2008,8887.0,,
BELGIUM,2009,8775.0,,
BELGIUM,2010,8801.0,,
BELGIUM,2011,9727.0,,
BELGIUM,2012,9576.0,,
BELGIUM,2013,10803.0,,
BELGIUM,2014,10991.0,,
BELGIUM,2015,10835.0,,
BELGIUM,2016,13372.0,,
BELGIUM,2017,14628.0,4700.0,19328.0
BELGIUM,2018,15627.0,5500.0,21127.0
BELGIUM,2019,17321.0,6400.0,23721.0
BELGIUM,2020,7108.0,3100.0,10208.0
BELGIUM,2021,8593.0,2297.0,10890.0
BELGIUM,2022,16005.0,4423.0,20428.0
BERMUDA,2001,140.0,,
BERMUDA,2002,145.0,,
BERMUDA,2003,141.0,,
BERMUDA,2004,156.0,,
BERMUDA,2005,161.0,,
BERMUDA,2006,170.0,,
BERMUDA,2007,181.0,,
BERMUDA,2008,192.0,,
BHUTAN,2019,41.0,31.0,72.0
"BOLIVIA, PLURINATIONAL STATE OF",2000,201.0,,
"BOLIVIA, PLURINATIONAL STATE OF",2001,222.0,,
"BOLIVIA, PLURINATIONAL STATE OF",2002,217.0,,
"BOLIVIA, PLURINATIONAL STATE OF",2003,304.0,,
"BOLIVIA, PLURINATIONAL STATE OF",2004,346.0,,
"BOLIVIA, PLURINATIONAL STATE OF",2005,386.0,,
"BOLIVIA, PLURINATIONAL STATE OF",2006,472.0,,
"BOLIVIA, PLURINATIONAL STATE OF",2007,526.0,,
"BOLIVIA, PLURINATIONAL STATE OF",2008,544.0,,
"BOLIVIA, PLURINATIONAL STATE OF",2009,518.0,,
"BOLIVIA, PLURINATIONAL STATE OF",2010,604.0,,
"BOLIVIA, PLURINATIONAL STATE OF",2011,775.0,,
"BOLIVIA, PLURINATIONAL STATE OF",2012,788.0,,
"BOLIVIA, PLURINATIONAL STATE OF",2013,837.0,,
"BOLIVIA, PLURINATIONAL STATE OF",2014,932.0,,
"BOLIVIA, PLURINATIONAL STATE OF",2015,965.0,,
"BOLIVIA, PLURINATIONAL STATE OF",2016,940.0,,
"BOLIVIA, PLURINATIONAL STATE OF",2017,997.0,,
"BOLIVIA, PLURINATIONAL STATE OF",2018,1060.0,,
"BOLIVIA, PLURINATIONAL STATE OF",2019,1160.0,,
"BOLIVIA, PLURINATIONAL STATE OF",2020,432.0,,
"BOLIVIA, PLURINATIONAL STATE OF",2021,376.0,,
"BOLIVIA, PLURINATIONAL STATE OF",2022,821.0,,
BRAZIL,2000,3228.0,,
BRAZIL,2001,2674.0,,
BRAZIL,2002,2338.0,,
BRAZIL,2003,3229.0,,
BRAZIL,2004,2968.0,,
BRAZIL,2005,3364.0,,
BRAZIL,2006,3886.0,,
BRAZIL,2007,4662.0,,
BRAZIL,2008,5238.0,,
BRAZIL,2009,4920.0,,
BRAZIL,2010,6457.0,,
BRAZIL,2011,7807.0,,
BRAZIL,2012,8497.0,,
BRAZIL,2013,8866.0,,
BRAZIL,2014,9617.0,,
BRAZIL,2015,9478.0,,
BRAZIL,2016,8872.0,,
BRAZIL,2017,10610.0,,
BRAZIL,2018,10628.0,,
BRITISH VIRGIN ISLANDS,2006,,,171.0
BRITISH VIRGIN ISLANDS,2007,,,166.0
BRITISH VIRGIN ISLANDS,2008,,,166.0
BRITISH VIRGIN ISLANDS,2009,,,140.0
BRITISH VIRGIN ISLANDS,2010,,,151.0
BRITISH VIRGIN ISLANDS,2011,,,145.0
BRITISH VIRGIN ISLANDS,2012,,,139.0
BULGARIA,2000,2337.0,,
BULGARIA,2001,2730.0,,
BULGARIA,2002,3188.0,,
BULGARIA,2003,3403.0,,
BULGARIA,2004,3882.0,,
BULGARIA,2005,4235.0,,
BULGARIA,2006,4180.0,,
BULGARIA,2007,4515.0,,
BULGARIA,2008,5727.0,,
BULGARIA,2009,4993.0,,
BULGARIA,2010,3676.0,,
BULGARIA,2011,3803.0,,
BULGARIA,2012,3758.0,,
BULGARIA,2013,3054.0,876.0,3930.0
BULGARIA,2014,3221.0,937.0,4158.0
BULGARIA,2015,3434.0,1199.0,4633.0
BULGARIA,2016,4712.0,680.0,5392.0
BULGARIA,2017,4883.0,1345.0,6228.0
BULGARIA,2018,5768.0,931.0,6699.0
BULGARIA,2019,5823.0,1184.0,7007.0
BULGARIA,2020,3325.0,648.0,3973.0
BULGARIA,2021,4094.0,1088.0,5182.0
BULGARIA,2022,5664.0,1588.0,7252.0
BURUNDI,2000,28.0,,
BURUNDI,2001,35.0,,
CAMBODIA,2000,41.0,,
CAMBODIA,2001,37.0,,
CAMBODIA,2002,45.0,,
CAMBODIA,2003,60.0,,
CAMBODIA,2004,239.0,,
CAMBODIA,2005,568.0,,
CAMBODIA,2006,787.0,,
CAMBODIA,2007,996.0,,
CAMBODIA,2008,786.0,,
CAMBODIA,2009,340.0,,
CAMBODIA,2010,505.0,,
CAMBODIA,2011,710.0,,
CAMBODIA,2012,792.0,,
CAMBODIA,2013,872.0,,
CAMBODIA,2014,956.0,,
CAMBODIA,2015,1194.0,,
CAMBODIA,2016,1434.0,,
CAMBODIA,2017,1752.0,,
CAMBODIA,2018,1995.0,,
CAMBODIA,2019,2038.0,,
CAMBODIA,2020,326.0,,
CAMBODIA,2021,30.5,,
CAMBODIA,2022,970.0,,
CANADA,2000,19183.0,27999.0,47182.0
CANADA,2001,18359.0,24842.0,43201.0
CANADA,2002,17705.0,21535.0,39239.0
CANADA,2003,17739.0,21485.0,39225.0
CANADA,2004,19596.0,22191.0,41786.0
CANADA,2005,21099.0,22932.0,44031.0
CANADA,2006,22731.0,24181.0,46912.0
CANADA,2007,25163.0,24881.0,50045.0
CANADA,2008,27034.0,24703.0,51737.0
CANADA,2009,26203.0,21281.0,47484.0
CANADA,2010,28893.0,26746.0,55639.0
CANADA,2011,30445.0,31465.0,61911.0
CANADA,2012,32267.0,32911.0,65179.0
CANADA,2013,32996.0,32801.0,65798.0
CANADA,2014,33526.0,30211.0,63737.0
CANADA,2015,32265.0,23705.0,55971.0
CANADA,2016,31278.0,21702.0,52979.0
CANADA,2017,32730.0,21901.0,54632.0
CANADA,2018,33440.0,22900.0,56340.0
CANADA,2019,33064.0,23094.0,56157.0
CANADA,2020,8971.0,5634.0,14605.0
CANADA,2021,4954.0,2951.0,7906.0
CANADA,2022,21400.0,10536.0,31936.0
CENTRAL AFRICAN REPUBLIC,2002,5.0,,
CENTRAL AFRICAN REPUBLIC,2003,6.0,,
CENTRAL AFRICAN REPUBLIC,2004,7.0,,
CENTRAL AFRICAN REPUBLIC,2005,8.0,,
CENTRAL AFRICAN REPUBLIC,2006,11.0,,
CENTRAL AFRICAN REPUBLIC,2010,38.0,,
CHAD,2000,27.0,,
CHAD,2001,40.0,,
CHAD,2002,23.0,,
CHAD,2008,,,58.0
CHAD,2009,,,66.0
CHAD,2010,,,39.0
CHAD,2011,,,76.0
CHAD,2012,,,79.0
CHAD,2016,,,56.0
CHAD,2017,,,52.0
CHAD,2020,,,5.5
CHAD,2021,,,13.7
CHILE,2000,1319.0,209.0,1528.0
CHILE,2001,1180.0,160.0,1340.0
CHILE,2002,1293.0,152.0,1444.0
CHILE,2003,1341.0,169.0,1509.0
CHILE,2004,1504.0,222.0,1727.0
CHILE,2005,1725.0,305.0,2031.0
CHILE,2006,1887.0,376.0,2264.0
CHILE,2007,2047.0,403.0,2451.0
CHILE,2008,1899.5,417.6,2317.0
CHILE,2009,1909.3,449.7,2359.0
CHILE,2010,2218.7,518.7,2737.0
CHILE,2011,2637.6,582.4,3220.0
CHILE,2012,2837.1,611.0,3448.0
CHILE,2013,2999.0,675.0,3674.0
CHILE,2014,3169.0,673.0,3842.0
CHILE,2015,3359.0,744.0,4103.0
CHILE,2016,3553.0,716.0,4269.0
CHILE,2017,3620.0,747.0,4367.0
CHILE,2018,3825.0,780.0,4605.0
CHILE,2019,3346.0,745.0,4091.0
CHILE,2020,963.4,198.2,1161.6
CHILE,2021,513.9,5.6,519.0
CHILE,2022,2155.0,212.0,2366.0
CHINA,2000,10473.0,,
CHINA,2001,12133.0,,
CHINA,2002,16602.0,,
CHINA,2003,20222.0,,
CHINA,2004,28853.0,,
CHINA,2005,31026.0,,
CHINA,2006,34524.0,,
CHINA,2007,40954.0,,
CHINA,2008,45844.0,,
CHINA,2009,47656.0,,
CHINA,2010,57386.0,,
CHINA,2011,70250.0,,
CHINA,2012,83182.0,,
CHINA,2013,98185.0,,
CHINA,2014,116593.0,,
CHINA,2015,127860.0,,
CHINA,2016,135130.0,,
CHINA,2017,143035.0,,
CHINA,2018,149720.0,,
CHINA,2019,154632.0,,
CHINA,2020,20334.0,,
COLOMBIA,2000,1235.0,,
COLOMBIA,2001,1381.0,,
COLOMBIA,2002,1277.0,,
COLOMBIA,2003,1177.0,,
COLOMBIA,2004,1405.0,,
COLOMBIA,2005,1553.0,,
COLOMBIA,2007,2028.0,,
COLOMBIA,2008,2042.0,,
COLOMBIA,2009,2122.0,,
COLOMBIA,2010,2342.0,,
COLOMBIA,2011,2522.0,,
COLOMBIA,2012,3169.0,,
COLOMBIA,2013,3605.0,,
COLOMBIA,2014,3911.0,,
COLOMBIA,2015,3862.0,,
COLOMBIA,2016,3795.0,,
COLOMBIA,2017,4017.0,,
COLOMBIA,2018,4368.0,,
COLOMBIA,2019,4479.0,,
COLOMBIA,2020,1275.0,,
COLOMBIA,2021,3004.0,,
COLOMBIA,2022,4931.0,,
CONGO,2012,,,161.0
CONGO,2013,,,180.0
"CONGO, DEMOCRATIC REPUBLIC OF THE",2015,356.0,,
"CONGO, DEMOCRATIC REPUBLIC OF THE",2016,424.0,,
COOK ISLANDS,2000,9.0,,
COOK ISLANDS,2001,9.0,,
COOK ISLANDS,2002,9.0,,
COOK ISLANDS,2003,10.0,,
COOK ISLANDS,2004,12.0,,
COOK ISLANDS,2005,13.0,,
COOK ISLANDS,2006,13.0,,
COOK ISLANDS,2007,13.0,,
COOK ISLANDS,2008,13.0,,
COOK ISLANDS,2009,12.0,,
COOK ISLANDS,2010,12.0,,
COOK ISLANDS,2011,13.0,,
COOK ISLANDS,2012,12.0,,
COOK ISLANDS,2013,12.0,,
COOK ISLANDS,2014,12.0,,
COOK ISLANDS,2015,13.0,,
COOK ISLANDS,2016,14.0,,
COOK ISLANDS,2017,13.3,,
COOK ISLANDS,2018,14.0,,
COOK ISLANDS,2019,14.0,,
COOK ISLANDS,2020,3.7,,
COOK ISLANDS,2021,4.7,,
COOK ISLANDS,2022,9.0,,
COSTA RICA,2000,381.0,,
COSTA RICA,2001,361.0,,
COSTA RICA,2002,364.0,,
COSTA RICA,2003,373.0,,
COSTA RICA,2004,425.0,,
COSTA RICA,2005,487.0,,
COSTA RICA,2006,485.0,,
COSTA RICA,2007,577.0,,
COSTA RICA,2008,528.0,,
COSTA RICA,2009,579.0,,
COSTA RICA,2010,662.0,,
COSTA RICA,2011,717.0,,
COSTA RICA,2012,773.0,,
COSTA RICA,2013,790.0,,
COSTA RICA,2014,798.0,,
COSTA RICA,2015,919.0,,
COSTA RICA,2016,1036.0,,
COSTA RICA,2017,1150.0,,
COSTA RICA,2018,1079.0,,
COSTA RICA,2019,1153.0,,
COSTA RICA,2020,324.0,,
COSTA RICA,2021,588.0,,
COSTA RICA,2022,934.0,,
COTE D´IVOIRE,2022,,,731.2
CROATIA,2008,2357.0,2036.0,4393.0
CROATIA,2009,2497.0,2326.0,4823.0
CROATIA,2010,1873.0,,
CROATIA,2011,2880.0,2646.0,5526.0
CROATIA,2012,2680.0,2479.0,5159.0
CROATIA,2013,2927.0,2517.0,5444.0
CROATIA,2014,2763.0,1875.0,4638.0
CROATIA,2015,2578.0,1777.0,4355.0
CROATIA,2016,1615.0,967.0,2581.0
CROATIA,2017,1923.0,674.0,2597.0
CROATIA,2018,2058.0,922.0,2980.0
CROATIA,2019,2255.0,1245.0,3500.0
CROATIA,2020,493.0,185.0,678.0
CROATIA,2021,639.0,268.0,907.0
CROATIA,2022,1351.0,653.0,2004.0
CUBA,2000,139.0,,
CUBA,2001,121.0,,
CUBA,2002,111.0,,
CUBA,2003,113.0,,
CUBA,2004,124.0,,
CUBA,2005,162.0,,
CUBA,2006,199.0,,
CUBA,2007,194.0,,
CUBA,2008,202.0,,
CUBA,2009,206.0,,
CUBA,2010,251.0,,
CUBA,2011,253.0,,
CUBA,2012,213.0,,
CUBA,2013,286.0,,
CUBA,2014,355.0,,
CUBA,2015,580.0,,
CUBA,2016,385.0,,
CUBA,2017,459.0,,
CUBA,2018,552.0,,
CUBA,2019,650.0,,
CUBA,2020,271.0,,
CUBA,2021,244.0,,
CUBA,2022,732.0,,
CYPRUS,2000,,,588.0
CYPRUS,2001,,,684.0
CYPRUS,2002,,,744.0
CYPRUS,2003,,,737.0
CYPRUS,2004,,,859.0
CYPRUS,2005,,,914.0
CYPRUS,2006,,,932.0
CYPRUS,2007,,,1081.0
CYPRUS,2008,,,1210.0
CYPRUS,2009,,,1172.0
CYPRUS,2010,,,1246.0
CYPRUS,2011,,,1209.0
CYPRUS,2012,,,1194.0
CYPRUS,2013,,,1115.0
CYPRUS,2014,,,1209.0
CYPRUS,2015,,,1119.0
CYPRUS,2016,,,1268.0
CYPRUS,2017,,,1407.0
CYPRUS,2018,,,1446.0
CYPRUS,2019,,,1578.0
CYPRUS,2020,,,482.0
CYPRUS,2021,,,514.0
CZECH REPUBLIC (CZECHIA),2003,7213.0,,
CZECH REPUBLIC (CZECHIA),2004,6643.0,,
CZECH REPUBLIC (CZECHIA),2005,6963.0,,
CZECH REPUBLIC (CZECHIA),2006,6393.0,,
CZECH REPUBLIC (CZECHIA),2007,9048.0,2460.0,11508.0
CZECH REPUBLIC (CZECHIA),2008,9665.0,3048.0,12713.0
CZECH REPUBLIC (CZECHIA),2009,8904.0,3432.0,12336.0
CZECH REPUBLIC (CZECHIA),2010,8673.0,3218.0,11891.0
CZECH REPUBLIC (CZECHIA),2011,5279.0,,
CZECH REPUBLIC (CZECHIA),2012,5419.0,,
CZECH REPUBLIC (CZECHIA),2013,5781.0,,
CZECH REPUBLIC (CZECHIA),2014,5651.0,,
CZECH REPUBLIC (CZECHIA),2015,5856.0,,
CZECH REPUBLIC (CZECHIA),2016,6027.0,,
CZECH REPUBLIC (CZECHIA),2017,6775.0,,
CZECH REPUBLIC (CZECHIA),2018,7390.0,,
CZECH REPUBLIC (CZECHIA),2019,7346.0,,
CZECH REPUBLIC (CZECHIA),2020,2399.0,,
CZECH REPUBLIC (CZECHIA),2021,1161.0,,
CZECH REPUBLIC (CZECHIA),2022,5254.0,,
DENMARK,2000,5011.0,,
DENMARK,2001,4946.0,,
DENMARK,2002,4935.0,,
DENMARK,2003,5564.0,,
DENMARK,2004,4630.0,,
DENMARK,2005,5469.0,,
DENMARK,2006,6129.0,,
DENMARK,2007,6564.0,,
DENMARK,2008,6347.0,,
DENMARK,2009,7037.0,,
DENMARK,2010,7726.0,,
DENMARK,2011,7846.0,,
DENMARK,2012,7843.0,,
DENMARK,2013,6977.0,,
DENMARK,2014,8528.0,,
DENMARK,2015,8991.0,,
DENMARK,2016,9651.0,,
DENMARK,2017,8087.0,,
DENMARK,2018,7475.0,,
DENMARK,2019,9088.0,,
DENMARK,2020,4230.0,,
DENMARK,2021,3182.0,,
DENMARK,2022,6043.0,,
DOMINICAN REPUBLIC,2000,360.0,,
DOMINICAN REPUBLIC,2001,331.0,,
DOMINICAN REPUBLIC,2002,332.0,,
DOMINICAN REPUBLIC,2003,321.0,,
DOMINICAN REPUBLIC,2004,368.0,,
DOMINICAN REPUBLIC,2005,419.0,,
DOMINICAN REPUBLIC,2006,420.0,,
DOMINICAN REPUBLIC,2007,443.0,,
DOMINICAN REPUBLIC,2008,413.0,,
DOMINICAN REPUBLIC,2009,415.0,,
DOMINICAN REPUBLIC,2010,401.0,,
DOMINICAN REPUBLIC,2011,408.0,,
DOMINICAN REPUBLIC,2012,418.0,,
DOMINICAN REPUBLIC,2013,392.0,,
DOMINICAN REPUBLIC,2014,427.0,,
DOMINICAN REPUBLIC,2015,478.0,,
DOMINICAN REPUBLIC,2016,500.0,,
DOMINICAN REPUBLIC,2017,522.0,,
DOMINICAN REPUBLIC,2018,514.0,,
DOMINICAN REPUBLIC,2019,532.0,,
DOMINICAN REPUBLIC,2020,210.0,,
DOMINICAN REPUBLIC,2021,556.0,,
DOMINICAN REPUBLIC,2022,780.0,,
ECUADOR,2000,520.0,,
ECUADOR,2001,562.0,,
ECUADOR,2002,627.0,,
ECUADOR,2003,613.0,,
ECUADOR,2004,603.0,,
ECUADOR,2005,664.0,,
ECUADOR,2006,733.0,,
ECUADOR,2007,801.0,,
ECUADOR,2008,815.0,,
ECUADOR,2009,814.0,,
ECUADOR,2010,899.0,,
ECUADOR,2011,1022.0,,
ECUADOR,2012,1022.0,,
ECUADOR,2013,1138.0,,
ECUADOR,2014,1096.0,,
ECUADOR,2015,1221.0,,
ECUADOR,2016,1366.0,,
ECUADOR,2017,1347.0,,
ECUADOR,2018,1402.0,,
ECUADOR,2019,1515.0,,
ECUADOR,2020,508.0,,
ECUADOR,2021,868.0,,
ECUADOR,2022,1338.0,,
EGYPT,2000,2964.0,,
EGYPT,2001,3074.0,,
EGYPT,2002,3330.0,,
EGYPT,2003,3644.0,,
EGYPT,2004,5210.0,,
EGYPT,2005,5307.0,,
EGYPT,2006,4531.0,,
EGYPT,2009,,,4716.0
EGYPT,2010,,,4618.0
EGYPT,2011,,,4863.0
EGYPT,2012,,,5678.0
EGYPT,2013,,,5782.0
EGYPT,2014,,,6180.0
EL SALVADOR,2000,,,923.0
EL SALVADOR,2001,,,933.0
EL SALVADOR,2002,,,1001.0
EL SALVADOR,2003,,,940.0
EL SALVADOR,2004,,,1079.0
EL SALVADOR,2005,,,1239.0
EL SALVADOR,2006,,,1242.0
EL SALVADOR,2007,,,1012.0
EL SALVADOR,2009,,,1345.0
EL SALVADOR,2010,999.0,423.0,1421.0
EL SALVADOR,2011,1160.0,309.0,1469.0
EL SALVADOR,2012,1163.0,299.0,1462.0
EL SALVADOR,2013,1166.0,348.0,1515.0
EL SALVADOR,2014,1163.0,352.0,1515.0
EL SALVADOR,2015,1250.0,367.0,1618.0
EL SALVADOR,2016,1411.0,393.0,1804.0
EL SALVADOR,2017,1394.0,477.0,1871.0
EL SALVADOR,2018,1260.0,528.0,1788.0
EL SALVADOR,2019,1331.0,568.0,1899.0
EL SALVADOR,2020,384.0,131.0,515.0
EL SALVADOR,2021,801.0,292.0,1093.0
EL SALVADOR,2022,1270.0,593.0,1862.0
ESTONIA,2000,1800.0,,
ESTONIA,2001,1658.0,,
ESTONIA,2002,1849.0,,
ESTONIA,2003,2075.0,,
ESTONIA,2006,438.0,,
ESTONIA,2007,677.0,,
ESTONIA,2008,692.0,,
ESTONIA,2009,752.0,,
ESTONIA,2010,955.0,,
ESTONIA,2011,1054.0,,
ESTONIA,2012,1147.0,,
ESTONIA,2013,1166.0,,
ESTONIA,2014,1426.0,,
ESTONIA,2015,1250.0,,
ESTONIA,2016,1339.0,,
ESTONIA,2017,1279.0,,
ESTONIA,2018,2069.0,,
ESTONIA,2019,1702.0,,
ESTONIA,2020,558.0,,
ESTONIA,2021,575.0,,
ESTONIA,2022,1090.0,,
ESWATINI,2005,1082.0,,
ESWATINI,2006,1072.0,,
ESWATINI,2007,1130.0,,
ESWATINI,2008,1177.0,,
ESWATINI,2009,1245.0,,
ESWATINI,2010,1141.0,,
ESWATINI,2011,1264.0,,
ESWATINI,2012,1403.0,,
ESWATINI,2013,1573.0,,
ESWATINI,2014,1657.0,,
ESWATINI,2015,1713.0,,
ESWATINI,2016,1789.0,,
ESWATINI,2017,1751.0,,
ESWATINI,2018,1717.0,,
ESWATINI,2019,1721.0,,
ESWATINI,2020,488.0,,
ESWATINI,2021,295.0,,
ESWATINI,2022,711.0,,
FIJI,2000,83.0,,
FIJI,2001,85.0,,
FIJI,2002,99.0,,
FIJI,2003,104.0,,
FIJI,2004,94.0,,
FIJI,2005,109.0,,
FIJI,2006,121.0,,
FIJI,2007,120.0,,
FIJI,2008,124.0,,
FIJI,2009,125.0,,
FIJI,2010,128.0,,
FIJI,2011,132.0,,
FIJI,2012,132.0,,
FIJI,2016,156.0,,
FIJI,2017,169.0,,
FIJI,2018,174.0,,
FIJI,2019,174.0,,
FIJI,2020,40.0,,
FIJI,2021,14.0,,
FIJI,2022,109.0,,
FINLAND,2000,5914.0,,
FINLAND,2001,5824.0,,
FINLAND,2002,5857.0,,
FINLAND,2003,5585.0,,
FINLAND,2004,5798.0,,
FINLAND,2005,5902.0,766.0,6668.0
FINLAND,2006,5756.0,672.0,6428.0
FINLAND,2007,5749.0,664.0,6413.0
FINLAND,2008,5854.0,712.0,6566.0
FINLAND,2009,5832.0,861.0,6693.0
FINLAND,2010,6633.0,852.0,7485.0
FINLAND,2011,7274.0,964.0,8238.0
FINLAND,2012,9055.0,923.0,9978.0
FINLAND,2013,8562.0,964.0,9526.0
FINLAND,2014,8731.0,1052.0,9783.0
FINLAND,2015,8904.0,1118.0,10022.0
FINLAND,2016,9125.0,1153.0,10278.0
FINLAND,2017,9330.0,1150.0,10480.0
FINLAND,2018,9450.0,1030.0,10480.0
FINLAND,2019,9410.0,1030.0,10440.0
FINLAND,2020,2330.0,360.0,2690.0
FINLAND,2021,1810.0,450.0,2270.0
FINLAND,2022,6180.0,600.0,6780.0
FRANCE,2000,19886.0,,
FRANCE,2001,19265.0,,
FRANCE,2002,18315.0,,
FRANCE,2003,18576.0,,
FRANCE,2004,21131.0,,
FRANCE,2005,22480.0,,
FRANCE,2006,22240.0,4867.0,27107.0
FRANCE,2007,28103.0,5041.0,33144.0
FRANCE,2008,25506.0,5454.0,30960.0
FRANCE,2009,25140.0,5506.0,30646.0
FRANCE,2010,25041.0,4932.0,29973.0
FRANCE,2011,26155.0,4998.0,31153.0
FRANCE,2012,25317.0,4325.0,29642.0
FRANCE,2013,26062.0,4395.0,30457.0
FRANCE,2014,27919.0,4023.0,31941.0
FRANCE,2015,26648.0,3960.0,30608.0
FRANCE,2016,26483.0,3153.0,29636.0
FRANCE,2017,29055.0,15209.0,44265.0
FRANCE,2018,30509.0,17560.0,48069.0
FRANCE,2019,30407.0,18868.0,49276.0
FRANCE,2020,11937.0,9350.0,21287.0
FRANCE,2021,13681.0,8326.0,22007.0
FRANCE,2022,28085.0,11399.0,39484.0
FRENCH POLYNESIA,2009,88.0,,
FRENCH POLYNESIA,2010,89.0,,
FRENCH POLYNESIA,2011,84.0,,
FRENCH POLYNESIA,2012,83.0,,
FRENCH POLYNESIA,2014,48.0,,
FRENCH POLYNESIA,2015,55.0,,
FRENCH POLYNESIA,2016,48.0,,
FRENCH POLYNESIA,2017,55.0,,
FRENCH POLYNESIA,2018,47.0,,
FRENCH POLYNESIA,2019,63.0,,
FRENCH POLYNESIA,2020,12.0,,
GABON,2000,168.0,,
GABON,2001,189.0,,
GABON,2002,219.0,,
GABON,2003,236.0,,
GAMBIA,2005,387.0,,
GAMBIA,2006,307.0,,
GEORGIA,2000,315.0,,
GEORGIA,2001,306.0,,
GEORGIA,2002,317.0,,
GEORGIA,2004,466.0,,
GEORGIA,2005,857.0,,
GEORGIA,2006,1346.0,,
GEORGIA,2007,1473.0,,
GEORGIA,2008,1872.0,,
GEORGIA,2009,1980.0,,
GEORGIA,2010,2086.0,,
GEORGIA,2011,2237.0,,
GEORGIA,2012,2734.0,,
GEORGIA,2013,3220.0,,
GEORGIA,2014,3106.0,,
GEORGIA,2015,3136.0,,
GEORGIA,2016,3400.0,,
GEORGIA,2017,3851.0,,
GEORGIA,2018,3698.0,,
GEORGIA,2019,3780.0,,
GERMANY,2000,80507.0,,
GERMANY,2001,81551.0,,
GERMANY,2002,80393.0,,
GERMANY,2003,85345.0,,
GERMANY,2004,84859.0,,
GERMANY,2005,86622.0,,
GERMANY,2006,81801.0,,
GERMANY,2007,82099.0,,
GERMANY,2008,86201.0,,
GERMANY,2009,85547.0,,
GERMANY,2010,85872.0,,
GERMANY,2011,84692.0,,
GERMANY,2012,82729.0,,
GERMANY,2013,87459.0,,
GERMANY,2014,83008.0,,
GERMANY,2015,83737.0,,
GERMANY,2016,90966.0,,
GERMANY,2017,92402.0,,
GERMANY,2018,108542.0,,
GERMANY,2019,99533.0,,
GERMANY,2020,36867.0,,
GERMANY,2021,48667.0,,
GERMANY,2022,86623.0,,
GHANA,2015,157.6,10.5,168.1
GHANA,2016,168.3,22.5,190.8
GHANA,2017,192.4,29.2,221.6
GHANA,2018,192.4,40.3,232.7
GHANA,2019,222.1,37.6,259.7
GHANA,2020,159.8,28.5,188.3
GREECE,2008,3765.0,,
GREECE,2009,3835.0,,
GREECE,2010,3799.0,,
GREECE,2011,4941.0,,
GREECE,2012,4681.0,,
GREECE,2013,4594.0,,
GREECE,2014,5802.0,,
GREECE,2015,6291.0,,
GREECE,2016,7235.0,,
GREECE,2017,7685.0,,
GREECE,2018,7961.0,,
GREECE,2019,7848.0,,
GREECE,2020,2324.0,,
GREECE,2021,2026.0,,
GREECE,2022,5094.0,,
GUADELOUPE,2013,,,113.0
GUATEMALA,2000,,,488.0
GUATEMALA,2001,,,580.0
GUATEMALA,2002,,,629.0
GUATEMALA,2003,,,658.0
GUATEMALA,2004,,,854.0
GUATEMALA,2005,,,982.0
GUATEMALA,2006,,,1055.0
GUATEMALA,2007,,,1168.0
GUATEMALA,2008,,,1277.0
GUATEMALA,2009,562.0,89.0,651.0
GUATEMALA,2010,585.0,108.0,694.0
GUATEMALA,2011,596.0,122.0,718.0
GUATEMALA,2012,580.0,141.0,721.0
GUATEMALA,2013,686.0,159.0,846.0
GUATEMALA,2014,840.0,152.0,992.0
GUATEMALA,2015,939.0,191.0,1130.0
GUATEMALA,2016,1053.0,142.0,1195.0
GUATEMALA,2017,1065.25,258.24,1323.5
GUATEMALA,2018,1229.0,309.0,1538.0
GUATEMALA,2019,1298.6,404.8,1703.0
GUATEMALA,2020,401.5,106.3,507.8
GUATEMALA,2021,414.4,22.4,436.8
GUATEMALA,2022,1184.9,225.7,1410.6
HONDURAS,2000,274.0,,
HONDURAS,2001,279.0,,
HONDURAS,2002,279.0,,
HONDURAS,2003,277.0,,
HONDURAS,2004,295.0,,
HONDURAS,2005,284.0,,
HONDURAS,2006,295.0,,
HONDURAS,2007,315.0,,
HONDURAS,2008,387.0,,
HONDURAS,2009,395.0,,
HONDURAS,2010,408.0,682.0,1090.0
HONDURAS,2011,449.0,643.0,1092.0
HONDURAS,2012,464.0,608.0,1072.0
HONDURAS,2013,471.0,584.0,1055.0
HONDURAS,2014,557.0,508.0,1065.0
HONDURAS,2015,692.0,458.0,1150.0
HONDURAS,2016,664.0,457.0,1121.0
HONDURAS,2017,485.0,243.0,727.0
HONDURAS,2018,501.0,201.0,703.0
"HONG KONG, CHINA",2000,,,58901.0
"HONG KONG, CHINA",2001,,,61096.0
"HONG KONG, CHINA",2002,,,64540.0
"HONG KONG, CHINA",2003,,,60936.0
"HONG KONG, CHINA",2004,,,68903.0
"HONG KONG, CHINA",2005,,,72300.0
"HONG KONG, CHINA",2006,,,75812.0
"HONG KONG, CHINA",2007,,,80682.0
"HONG KONG, CHINA",2008,,,81911.0
"HONG KONG, CHINA",2009,,,81958.0
"HONG KONG, CHINA",2010,,,84442.0
"HONG KONG, CHINA",2011,,,84816.0
"HONG KONG, CHINA",2012,,,85276.0
"HONG KONG, CHINA",2013,,,84380.0
"HONG KONG, CHINA",2014,,,84519.0
"HONG KONG, CHINA",2015,,,89082.0
"HONG KONG, CHINA",2016,,,91758.0
"HONG KONG, CHINA",2017,,,91304.0
"HONG KONG, CHINA",2018,,,92214.0
"HONG KONG, CHINA",2019,,,94715.0
"HONG KONG, CHINA",2020,,,8261.0
"HONG KONG, CHINA",2021,,,905.0
"HONG KONG, CHINA",2022,,,2181.0
HUNGARY,2000,,,11065.0
HUNGARY,2001,,,11167.0
HUNGARY,2002,,,12966.0
HUNGARY,2003,,,14283.0
HUNGARY,2004,,,17558.0
HUNGARY,2005,6994.0,10765.0,17759.0
HUNGARY,2006,6007.0,10590.0,16597.0
HUNGARY,2007,5734.0,11322.0,17056.0
HUNGARY,2008,6155.0,11006.0,17162.0
HUNGARY,2009,5672.0,10969.0,16640.0
HUNGARY,2010,5297.0,10786.0,16082.0
HUNGARY,2011,5335.0,11299.0,16634.0
HUNGARY,2012,4881.0,11262.0,16143.0
HUNGARY,2013,4912.0,11126.0,16038.0
HUNGARY,2014,5587.0,10753.0,16340.0
HUNGARY,2015,6382.0,10893.0,17276.0
HUNGARY,2016,7091.0,11804.0,18895.0
HUNGARY,2017,7539.0,12758.0,20297.0
HUNGARY,2018,8649.0,14156.0,22805.0
HUNGARY,2019,9373.0,15486.0,24860.0
HUNGARY,2020,3908.0,8819.0,12727.0
HUNGARY,2021,4358.0,8901.0,13258.0
HUNGARY,2022,7167.0,10846.0,18013.0
ICELAND,2000,283.0,,
ICELAND,2005,364.0,,
ICELAND,2006,440.0,,
ICELAND,2007,460.0,,
ICELAND,2008,414.0,,
ICELAND,2009,259.0,,
ICELAND,2010,299.0,,
ICELAND,2011,341.0,,
ICELAND,2012,358.0,,
ICELAND,2013,365.0,,
ICELAND,2014,400.0,,
ICELAND,2015,450.0,,
ICELAND,2016,536.0,,
ICELAND,2017,619.0,,
ICELAND,2018,668.0,,
ICELAND,2019,611.0,,
ICELAND,2020,130.0,,
ICELAND,2021,219.0,,
INDIA,2000,4416.0,,
INDIA,2001,4564.0,,
INDIA,2002,4940.0,,
INDIA,2003,5351.0,,
INDIA,2004,6213.0,,
INDIA,2005,7185.0,,
INDIA,2006,8340.0,,
INDIA,2007,9783.0,,
INDIA,2008,10868.0,,
INDIA,2009,11067.0,,
INDIA,2010,12988.0,,
INDIA,2011,13994.0,,
INDIA,2012,14920.0,,
INDIA,2013,16626.0,,
INDIA,2014,18330.0,,
INDIA,2015,20376.0,,
INDIA,2016,21872.0,,
INDIA,2017,,,23943.0
INDIA,2018,,,26296.0
INDIA,2019,26689.0,226.0,26915.0
INDIA,2020,7117.0,178.0,7295.0
INDIA,2021,8397.0,154.0,8551.0
INDIA,2022,,,21600.0
INDONESIA,2000,,,2205.0
INDONESIA,2001,,,2505.0
INDONESIA,2002,,,3231.0
INDONESIA,2003,,,3478.0
INDONESIA,2004,,,3941.0
INDONESIA,2005,,,4106.0
INDONESIA,2006,,,4967.0
INDONESIA,2007,,,5158.0
INDONESIA,2008,,,5486.0
INDONESIA,2009,,,5053.0
INDONESIA,2010,,,6235.0
INDONESIA,2011,,,6750.0
INDONESIA,2012,,,7454.0
INDONESIA,2013,,,8025.0
INDONESIA,2014,,,8074.0
INDONESIA,2015,,,8176.0
INDONESIA,2016,,,8340.0
INDONESIA,2017,,,8856.0
INDONESIA,2018,,,9468.0
INDONESIA,2019,,,11689.0
INDONESIA,2020,,,2918.0
INDONESIA,2021,503.0,1208.0,1711.0
INDONESIA,2022,3379.0,162.0,3541.0
"IRAN, ISLAMIC REPUBLIC OF",2000,2286.0,,
"IRAN, ISLAMIC REPUBLIC OF",2001,2400.0,,
"IRAN, ISLAMIC REPUBLIC OF",2002,2921.0,,
"IRAN, ISLAMIC REPUBLIC OF",2014,,,7698.0
"IRAN, ISLAMIC REPUBLIC OF",2015,,,6620.0
"IRAN, ISLAMIC REPUBLIC OF",2016,,,9007.0
"IRAN, ISLAMIC REPUBLIC OF",2017,,,10543.0
"IRAN, ISLAMIC REPUBLIC OF",2018,,,7243.0
"IRAN, ISLAMIC REPUBLIC OF",2020,,,1550.0
"IRAN, ISLAMIC REPUBLIC OF",2021,2402.0,224.0,2626.0
"IRAN, ISLAMIC REPUBLIC OF",2022,,,9311.0
IRELAND,2000,,,3783.0
IRELAND,2001,,,4216.0
IRELAND,2002,,,4634.0
IRELAND,2003,,,4929.0
IRELAND,2004,,,5409.0
IRELAND,2005,,,6113.0
IRELAND,2006,,,6848.0
IRELAND,2007,,,7713.0
IRELAND,2008,,,7877.0
IRELAND,2009,,,7047.0
IRELAND,2010,,,6917.0
IRELAND,2011,,,6514.0
IRELAND,2012,,,6600.0
IRELAND,2013,,,6579.0
IRELAND,2014,,,6676.0
IRELAND,2015,,,7094.0
IRELAND,2016,,,7646.0
IRELAND,2017,,,8171.0
IRELAND,2018,,,8643.0
IRELAND,2019,,,9350.0
IRELAND,2020,,,2326.0
IRELAND,2021,,,2276.0
ISRAEL,2000,3530.0,,
ISRAEL,2001,3561.0,,
ISRAEL,2002,3273.0,,
ISRAEL,2003,3299.0,,
ISRAEL,2004,3614.0,,
ISRAEL,2005,3687.0,,
ISRAEL,2006,3713.0,,
ISRAEL,2007,4147.0,,
ISRAEL,2008,4207.0,,
ISRAEL,2009,4007.0,,
ISRAEL,2010,4269.0,,
ISRAEL,2011,4387.0,,
ISRAEL,2012,4349.0,,
ISRAEL,2013,4757.0,,
ISRAEL,2014,5181.0,,
ISRAEL,2015,5891.0,,
ISRAEL,2016,6781.0,,
ISRAEL,2017,7597.0,,
ISRAEL,2018,8473.0,,
ISRAEL,2019,9179.0,,
ISRAEL,2020,1544.0,,
ISRAEL,2021,3022.0,,
ISRAEL,2022,8432.0,,
ITALY,2000,20080.0,24548.0,44628.0
ITALY,2001,20567.0,23044.0,43611.0
ITALY,2002,22978.0,21682.0,44660.0
ITALY,2003,24572.0,21785.0,46357.0
ITALY,2004,21557.0,18843.0,40400.0
ITALY,2005,23147.0,20260.0,43407.0
ITALY,2006,24022.0,22347.0,46369.0
ITALY,2007,25789.0,23377.0,49166.0
ITALY,2008,26464.0,27957.0,54421.0
ITALY,2009,27490.0,27349.0,54839.0
ITALY,2010,28188.0,27117.0,55304.0
ITALY,2011,27831.0,24786.0,52617.0
ITALY,2012,27376.0,25963.0,53338.0
ITALY,2013,26305.0,26328.0,52633.0
ITALY,2014,26862.0,28307.0,55169.0
ITALY,2015,27494.0,29925.0,57418.0
ITALY,2016,29067.0,28413.0,57480.0
ITALY,2017,31805.0,28237.0,60042.0
ITALY,2018,33347.1,27847.6,61194.6
ITALY,2019,34703.0,27505.0,62207.0
ITALY,2020,11959.5,9488.7,21448.0
ITALY,2021,12354.0,5234.0,17588.0
ITALY,2022,24970.0,21725.0,46695.0
JAPAN,2000,,,17819.0
JAPAN,2001,,,16216.0
JAPAN,2002,,,16523.0
JAPAN,2003,,,13296.0
JAPAN,2004,,,16831.0
JAPAN,2005,,,17404.0
JAPAN,2006,,,17535.0
JAPAN,2007,,,17295.0
JAPAN,2008,,,15987.0
JAPAN,2009,,,15446.0
JAPAN,2010,,,16637.0
JAPAN,2011,,,16994.0
JAPAN,2012,,,18491.0
JAPAN,2013,,,17473.0
JAPAN,2014,,,16903.0
JAPAN,2015,,,16214.0
JAPAN,2016,,,17116.0
JAPAN,2017,,,17889.0
JAPAN,2018,,,18954.0
JAPAN,2019,,,20081.0
JAPAN,2020,,,3174.0
JAPAN,2021,,,512.0
JAPAN,2022,,,2772.0
JORDAN,2000,1625.0,,
JORDAN,2001,1755.0,,
JORDAN,2002,1276.0,,
JORDAN,2003,1229.0,,
JORDAN,2004,1420.0,,
JORDAN,2005,1523.0,,
JORDAN,2006,2139.0,,
JORDAN,2007,2094.0,,
JORDAN,2008,1972.0,316.0,2288.0
JORDAN,2009,2054.0,412.0,2466.0
JORDAN,2010,2708.0,378.0,3086.0
JORDAN,2011,1931.0,263.0,2194.0
JORDAN,2012,1567.0,214.0,1780.0
JORDAN,2013,1498.0,246.0,1744.0
JORDAN,2014,1230.0,177.0,1407.0
JORDAN,2015,,,1633.0
JORDAN,2016,1511.0,234.0,1745.0
JORDAN,2017,1592.0,,
JORDAN,2018,1501.0,,
JORDAN,2019,1537.0,,
JORDAN,2020,406.0,,
JORDAN,2021,846.0,,
JORDAN,2022,1399.0,,
KAZAKHSTAN,2000,1247.0,,
KAZAKHSTAN,2001,2294.0,,
KAZAKHSTAN,2002,2274.0,,
KAZAKHSTAN,2003,2374.0,,
KAZAKHSTAN,2004,3915.0,,
KAZAKHSTAN,2005,2975.0,,
KAZAKHSTAN,2006,3615.0,73.0,3688.0
KAZAKHSTAN,2007,4449.0,95.0,4544.0
KAZAKHSTAN,2008,4239.0,91.0,4330.0
KAZAKHSTAN,2009,5309.0,114.0,5423.0
KAZAKHSTAN,2010,5893.0,126.0,6019.0
KAZAKHSTAN,2011,7852.0,168.0,8020.0
KAZAKHSTAN,2012,8875.0,190.0,9066.0
KAZAKHSTAN,2013,9931.0,213.0,10144.0
KAZAKHSTAN,2014,10230.0,220.0,10450.0
KAZAKHSTAN,2015,,,11303.0
KAZAKHSTAN,2016,,,9756.0
KAZAKHSTAN,2017,,,10261.0
KAZAKHSTAN,2018,,,10646.0
KAZAKHSTAN,2019,,,10707.0
KAZAKHSTAN,2020,,,2865.0
KAZAKHSTAN,2021,,,3501.0
KAZAKHSTAN,2022,,,7670.0
"KOREA, REPUBLIC OF",2000,,,5508.0
"KOREA, REPUBLIC OF",2001,,,6084.0
"KOREA, REPUBLIC OF",2002,,,7123.0
"KOREA, REPUBLIC OF",2003,,,7086.0
"KOREA, REPUBLIC OF",2004,,,8826.0
"KOREA, REPUBLIC OF",2005,,,10080.0
"KOREA, REPUBLIC OF",2006,,,11610.0
"KOREA, REPUBLIC OF",2007,,,13325.0
"KOREA, REPUBLIC OF",2008,,,11996.0
"KOREA, REPUBLIC OF",2009,,,9494.0
"KOREA, REPUBLIC OF",2010,,,12488.0
"KOREA, REPUBLIC OF",2011,,,12694.0
"KOREA, REPUBLIC OF",2012,,,13737.0
"KOREA, REPUBLIC OF",2013,,,14846.0
"KOREA, REPUBLIC OF",2014,,,16081.0
"KOREA, REPUBLIC OF",2015,,,19310.0
"KOREA, REPUBLIC OF",2016,,,22383.0
"KOREA, REPUBLIC OF",2017,,,26496.0
"KOREA, REPUBLIC OF",2018,,,28696.0
"KOREA, REPUBLIC OF",2019,,,28714.0
"KOREA, REPUBLIC OF",2020,,,4276.0
"KOREA, REPUBLIC OF",2021,,,1223.0
"KOREA, REPUBLIC OF",2022,,,6554.0
KUWAIT,2000,1236.0,,
KUWAIT,2001,1666.0,,
KUWAIT,2002,1725.0,,
KUWAIT,2003,1774.0,,
KUWAIT,2004,1928.0,,
KUWAIT,2005,2173.0,,
KUWAIT,2006,2529.0,,
KUWAIT,2007,2649.0,,
KYRGYZSTAN,2000,47.0,,
KYRGYZSTAN,2001,46.0,,
KYRGYZSTAN,2002,59.0,,
KYRGYZSTAN,2003,116.0,,
KYRGYZSTAN,2004,239.0,,
KYRGYZSTAN,2005,201.0,,
KYRGYZSTAN,2006,454.0,,
KYRGYZSTAN,2007,559.0,,
KYRGYZSTAN,2008,,,2273.0
KYRGYZSTAN,2009,,,2354.0
KYRGYZSTAN,2010,,,1342.0
KYRGYZSTAN,2011,,,3061.0
KYRGYZSTAN,2012,,,3621.0
KYRGYZSTAN,2013,,,3993.0
KYRGYZSTAN,2014,,,3790.0
KYRGYZSTAN,2015,,,4008.0
KYRGYZSTAN,2016,,,4185.0
KYRGYZSTAN,2017,,,4446.0
KYRGYZSTAN,2018,,,6839.0
KYRGYZSTAN,2019,,,5314.0
KYRGYZSTAN,2020,,,1520.0
KYRGYZSTAN,2021,,,1808.0
KYRGYZSTAN,2022,,,3734.0
LAO PEOPLE´S DEMOCRATIC REPUBLIC,2010,,,1686.0
LAO PEOPLE´S DEMOCRATIC REPUBLIC,2011,,,1788.0
LAO PEOPLE´S DEMOCRATIC REPUBLIC,2012,,,2052.0
LAO PEOPLE´S DEMOCRATIC REPUBLIC,2013,,,2857.0
LAO PEOPLE´S DEMOCRATIC REPUBLIC,2014,,,3320.0
LAO PEOPLE´S DEMOCRATIC REPUBLIC,2015,,,3067.0
LAO PEOPLE´S DEMOCRATIC REPUBLIC,2016,,,3059.0
LAO PEOPLE´S DEMOCRATIC REPUBLIC,2017,,,3049.0
LAO PEOPLE´S DEMOCRATIC REPUBLIC,2018,,,3207.0
LAO PEOPLE´S DEMOCRATIC REPUBLIC,2019,,,2690.0
LAO PEOPLE´S DEMOCRATIC REPUBLIC,2020,,,707.0
LATVIA,2000,,,2596.0
LATVIA,2001,,,2697.0
LATVIA,2002,,,2306.0
LATVIA,2003,,,2286.0
LATVIA,2004,,,2457.0
LATVIA,2005,,,2959.0
LATVIA,2006,,,3151.0
LATVIA,2007,,,3398.0
LATVIA,2008,,,3782.0
LATVIA,2009,1573.0,1695.0,3268.0
LATVIA,2010,1650.0,1682.0,3332.0
LATVIA,2011,1530.0,1727.0,3257.0
LATVIA,2012,1398.0,432.0,1830.0
LATVIA,2013,1246.0,530.0,1776.0
LATVIA,2014,1362.0,484.0,1846.0
LATVIA,2015,1242.0,478.0,1720.0
LATVIA,2016,1250.0,689.0,1939.0
LATVIA,2017,1265.0,790.0,2055.0
LATVIA,2018,1368.0,807.0,2175.0
LATVIA,2019,1480.0,904.0,2384.0
LATVIA,2020,432.0,258.0,690.0
LATVIA,2021,512.0,117.0,629.0
LATVIA,2022,1303.0,426.0,1729.0
LITHUANIA,2000,3632.0,,
LITHUANIA,2001,3390.0,,
LITHUANIA,2002,3584.0,,
LITHUANIA,2003,3502.0,,
LITHUANIA,2005,1633.0,,
LITHUANIA,2006,1789.0,2572.0,4362.0
LITHUANIA,2007,1661.0,1967.0,3627.0
LITHUANIA,2008,1757.0,2090.0,3847.0
LITHUANIA,2009,1288.0,2351.0,3639.0
LITHUANIA,2010,1411.0,2900.0,4311.0
LITHUANIA,2011,1526.0,2493.0,4020.0
LITHUANIA,2012,1708.0,2401.0,4108.0
LITHUANIA,2013,1764.0,2464.0,4228.0
LITHUANIA,2014,1789.0,2503.0,4292.0
LITHUANIA,2015,1860.0,2121.0,3981.0
LITHUANIA,2016,1953.0,2191.0,4143.0
LITHUANIA,2017,2032.0,2262.0,4294.0
LITHUANIA,2018,2244.0,2458.0,4702.0
LITHUANIA,2019,2347.0,2534.0,4881.0
LITHUANIA,2020,682.0,961.0,1643.0
LITHUANIA,2021,830.2,912.9,1743.0
LITHUANIA,2022,1919.0,2079.0,3999.0
LUXEMBOURG,2000,950.0,,
LUXEMBOURG,2001,923.0,,
LUXEMBOURG,2002,1049.0,,
LUXEMBOURG,2003,1021.0,,
LUXEMBOURG,2004,1100.0,,
LUXEMBOURG,2005,1185.0,,
LUXEMBOURG,2006,1084.0,,
LUXEMBOURG,2007,1132.0,,
LUXEMBOURG,2008,1190.0,,
LUXEMBOURG,2009,1362.0,,
LUXEMBOURG,2010,1237.0,,
LUXEMBOURG,2011,1643.0,,
LUXEMBOURG,2012,1580.0,,
LUXEMBOURG,2013,1624.0,,
LUXEMBOURG,2014,1815.0,,
LUXEMBOURG,2015,1702.0,,
LUXEMBOURG,2016,1588.0,,
LUXEMBOURG,2017,2346.0,,
LUXEMBOURG,2018,2510.0,,
LUXEMBOURG,2019,2548.0,,
LUXEMBOURG,2020,1460.0,,
LUXEMBOURG,2021,1814.0,,
LUXEMBOURG,2022,2819.0,,
"MACAO, CHINA",2000,,,14587.701
"MACAO, CHINA",2001,,,18223.283
"MACAO, CHINA",2002,,,20479.862
"MACAO, CHINA",2003,,,19234.295
"MACAO, CHINA",2004,,,22054.228
"MACAO, CHINA",2005,,,26083.957
"MACAO, CHINA",2006,,,25758.6
"MACAO, CHINA",2007,,,25095.21
"MACAO, CHINA",2008,,,25101.35
"MACAO, CHINA",2009,,,24996.957
"MACAO, CHINA",2010,,,25638.668
"MACAO, CHINA",2011,,,26355.133
"MACAO, CHINA",2012,,,23919.072
"MACAO, CHINA",2013,,,23534.854
"MACAO, CHINA",2014,,,23704.57
"MACAO, CHINA",2015,,,26049.73
"MACAO, CHINA",2016,,,26640.929
"MACAO, CHINA",2017,,,27756.617
"MACAO, CHINA",2018,,,28437.881
"MACAO, CHINA",2019,,,30429.177
"MACAO, CHINA",2020,,,14425.65
"MACAO, CHINA",2021,,,20875.667
"MACAO, CHINA",2022,,,21153.898
MALAWI,2019,120.0,,244.0
MALAYSIA,2000,,,30532.0
MALAYSIA,2001,,,36248.0
MALAYSIA,2002,,,29866.0
MALAYSIA,2003,,,32201.0
MALAYSIA,2004,,,30761.0
MALDIVES,2000,42.0,,
MALDIVES,2001,41.0,,
MALDIVES,2002,43.0,,
MALDIVES,2003,44.0,,
MALDIVES,2004,61.0,,
MALDIVES,2005,77.0,,
MALDIVES,2006,74.0,,
MALDIVES,2007,102.0,,
MALDIVES,2008,123.0,,
MALTA,2000,200.0,,
MALTA,2001,179.0,,
MALTA,2002,157.0,,
MALTA,2003,174.0,,
MALTA,2004,203.0,,
MALTA,2005,225.0,,
MALTA,2006,257.0,,
MALTA,2007,280.0,,
MALTA,2008,261.0,31.0,292.0
MALTA,2009,264.0,28.0,292.0
MALTA,2010,294.0,34.0,328.0
MALTA,2011,309.0,39.0,348.0
MALTA,2012,331.0,37.0,368.0
MALTA,2013,363.0,41.0,404.0
MALTA,2014,391.0,39.0,430.0
MALTA,2015,428.0,48.0,456.0
MALTA,2016,497.0,53.0,550.0
MALTA,2017,573.0,60.0,633.0
MALTA,2018,667.0,61.0,728.0
MALTA,2019,707.0,67.0,774.0
MALTA,2020,197.0,21.0,218.0
MALTA,2021,303.0,41.0,344.0
MALTA,2022,601.7,93.0,695.0
MAURITIUS,2000,163.0,,
MAURITIUS,2001,161.0,,
MAURITIUS,2002,162.0,,
MAURITIUS,2003,161.0,,
MAURITIUS,2004,180.0,,
MAURITIUS,2005,183.0,,
MAURITIUS,2006,186.0,,
MAURITIUS,2007,213.0,,
MAURITIUS,2008,226.0,,
MAURITIUS,2009,196.0,,
MAURITIUS,2010,212.0,,
MAURITIUS,2011,219.0,,
MAURITIUS,2012,237.0,,
MAURITIUS,2013,228.0,,
MAURITIUS,2014,223.0,,
MAURITIUS,2015,242.0,,
MAURITIUS,2016,260.0,,
MAURITIUS,2017,283.0,,
MAURITIUS,2018,296.0,,
MAURITIUS,2019,320.0,,
MAURITIUS,2020,65.0,,
MAURITIUS,2021,42.0,,
MAURITIUS,2022,229.3,,
MEXICO,2000,11079.0,116189.0,127268.0
MEXICO,2001,12075.0,111657.0,123732.0
MEXICO,2002,11948.0,112685.0,124633.0
MEXICO,2003,11044.0,111971.0,123015.0
MEXICO,2004,12494.0,116409.0,128903.0
MEXICO,2005,13305.0,115087.0,128392.0
MEXICO,2006,14002.0,108020.0,122022.0
MEXICO,2007,15257.0,94283.0,109540.0
MEXICO,2008,14527.0,92992.0,107519.0
MEXICO,2009,14104.0,84124.0,98228.0
MEXICO,2010,14334.0,77323.0,91658.0
MEXICO,2011,14799.0,73314.0,88113.0
MEXICO,2012,15581.0,71913.0,87332.0
MEXICO,2013,15911.0,74876.0,90787.0
MEXICO,2014,18261.0,72721.0,90982.0
MEXICO,2015,19603.0,75385.0,94988.0
MEXICO,2016,20223.0,77149.0,97372.0
MEXICO,2017,19067.0,75208.0,94274.0
MEXICO,2018,19748.0,66531.0,86280.0
MEXICO,2019,19810.0,62942.0,82752.0
MEXICO,2020,7345.0,28710.5,36056.0
MEXICO,2021,11685.0,21292.0,32978.0
MEXICO,2022,13750.0,28140.0,41891.0
"MOLDOVA, REPUBLIC OF",2000,32.0,,
"MOLDOVA, REPUBLIC OF",2001,30.0,,
"MOLDOVA, REPUBLIC OF",2002,52.0,,
"MOLDOVA, REPUBLIC OF",2003,67.0,,
"MOLDOVA, REPUBLIC OF",2004,68.0,,
"MOLDOVA, REPUBLIC OF",2005,57.0,,
"MOLDOVA, REPUBLIC OF",2006,68.0,,
"MOLDOVA, REPUBLIC OF",2007,82.0,,
"MOLDOVA, REPUBLIC OF",2008,85.0,,
"MOLDOVA, REPUBLIC OF",2009,93.0,0.3,93.3
"MOLDOVA, REPUBLIC OF",2010,116.9,0.3,117.2
"MOLDOVA, REPUBLIC OF",2011,135.9,0.2,136.1
"MOLDOVA, REPUBLIC OF",2012,146.4,0.4,146.8
"MOLDOVA, REPUBLIC OF",2013,157.3,0.3,157.6
"MOLDOVA, REPUBLIC OF",2014,179.5,1.1,180.6
"MOLDOVA, REPUBLIC OF",2015,185.7,4.1,189.8
"MOLDOVA, REPUBLIC OF",2016,170.0,7.0,177.0
"MOLDOVA, REPUBLIC OF",2017,216.0,13.0,229.0
"MOLDOVA, REPUBLIC OF",2018,251.0,13.0,264.0
"MOLDOVA, REPUBLIC OF",2019,289.0,21.0,311.0
"MOLDOVA, REPUBLIC OF",2020,73.0,2.0,75.0
"MOLDOVA, REPUBLIC OF",2021,216.6,1.0,218.0
"MOLDOVA, REPUBLIC OF",2022,317.2,7.4,325.0
MOROCCO,2000,1508.0,,
MOROCCO,2001,1701.0,,
MOROCCO,2002,1533.0,,
MOROCCO,2003,1612.0,,
MOROCCO,2004,1603.0,,
MOROCCO,2005,2247.0,,
MOROCCO,2006,2135.0,,
MOROCCO,2007,2669.0,,
MOROCCO,2008,3421.0,,
MOROCCO,2009,2293.0,,
MOROCCO,2010,2175.0,,
MOROCCO,2011,2378.0,,
MOROCCO,2012,2323.0,,
MOROCCO,2013,2195.0,,
MOROCCO,2014,1850.0,,
MOROCCO,2015,1910.0,,
MOROCCO,2016,1864.0,,
MOROCCO,2017,1849.0,,
MOROCCO,2018,1923.0,,
MOROCCO,2019,2009.0,,
MOROCCO,2020,646.0,,
MOROCCO,2021,869.0,,
MOROCCO,2022,2020.0,,
NEPAL,2000,155.0,,
NEPAL,2001,200.0,,
NEPAL,2002,238.0,,
NEPAL,2003,258.0,,
NEPAL,2004,286.0,,
NEPAL,2005,373.0,,
NEPAL,2006,415.0,,
NEPAL,2007,469.0,,
NEPAL,2008,561.0,,
NEPAL,2009,589.0,,
NEPAL,2010,765.0,,
NEPAL,2011,774.0,,
NEPAL,2012,862.0,,
NEPAL,2013,983.0,,
NEPAL,2017,1197.0,,
NETHERLANDS,2000,13896.0,,
NETHERLANDS,2001,14214.0,,
NETHERLANDS,2002,16719.0,,
NETHERLANDS,2003,16425.0,,
NETHERLANDS,2004,17130.0,,
NETHERLANDS,2005,17039.0,,
NETHERLANDS,2006,16695.0,,
NETHERLANDS,2007,17523.0,,
NETHERLANDS,2008,18399.0,,
NETHERLANDS,2009,18340.0,,
NETHERLANDS,2010,18368.0,,
NETHERLANDS,2011,18560.0,,
NETHERLANDS,2012,18628.0,,
NETHERLANDS,2013,18094.0,,
NETHERLANDS,2014,17928.0,,
NETHERLANDS,2015,17535.0,,
NETHERLANDS,2016,18152.0,,
NETHERLANDS,2017,20763.0,,
NETHERLANDS,2018,20981.0,,
NETHERLANDS,2019,22045.0,,
NETHERLANDS,2020,7667.0,,
NETHERLANDS,2021,11601.0,,
NETHERLANDS,2022,23146.0,,
NEW CALEDONIA,2000,69.0,,
NEW CALEDONIA,2001,68.0,,
NEW CALEDONIA,2002,72.0,,
NEW CALEDONIA,2003,78.0,,
NEW CALEDONIA,2004,89.0,,
NEW CALEDONIA,2005,96.0,,
NEW CALEDONIA,2006,100.0,,
NEW CALEDONIA,2007,106.0,,
NEW CALEDONIA,2008,112.0,,
NEW CALEDONIA,2009,119.0,,
NEW CALEDONIA,2010,132.0,,
NEW CALEDONIA,2011,124.0,,
NEW CALEDONIA,2012,121.0,,
NEW CALEDONIA,2013,121.0,,
NEW CALEDONIA,2014,124.0,,
NEW CALEDONIA,2015,127.0,,
NEW CALEDONIA,2016,134.0,,
NEW CALEDONIA,2017,135.0,,
NEW CALEDONIA,2018,139.0,,
NEW CALEDONIA,2019,310.0,,
NEW CALEDONIA,2020,104.0,,
NEW CALEDONIA,2021,18.0,,
NEW CALEDONIA,2022,159.0,,
NEW ZEALAND,2000,1283.0,,
NEW ZEALAND,2001,1287.0,,
NEW ZEALAND,2002,1293.0,,
NEW ZEALAND,2003,1374.0,,
NEW ZEALAND,2004,1733.0,,
NEW ZEALAND,2005,1872.0,,
NEW ZEALAND,2006,1861.0,,
NEW ZEALAND,2007,1978.0,,
NEW ZEALAND,2008,1967.0,,
NEW ZEALAND,2009,1918.0,,
NEW ZEALAND,2010,2026.0,,
NEW ZEALAND,2011,2096.0,,
NEW ZEALAND,2012,2172.0,,
NEW ZEALAND,2013,2197.0,,
NEW ZEALAND,2014,2276.0,,
NEW ZEALAND,2015,2412.0,,
NEW ZEALAND,2016,2611.0,,
NEW ZEALAND,2017,2853.0,,
NEW ZEALAND,2018,3038.0,,
NEW ZEALAND,2019,3225.0,,
NEW ZEALAND,2020,511.0,,
NEW ZEALAND,2021,234.0,,
NEW ZEALAND,2022,1629.0,,
NICARAGUA,2000,486.0,,
NICARAGUA,2001,499.0,,
NICARAGUA,2002,532.0,,
NICARAGUA,2003,562.0,,
NICARAGUA,2004,701.0,,
NICARAGUA,2005,740.0,,
NICARAGUA,2006,773.0,,
NICARAGUA,2007,949.0,,
NICARAGUA,2008,942.0,,
NICARAGUA,2009,858.0,,
NICARAGUA,2010,908.0,,
NICARAGUA,2011,912.0,,
NICARAGUA,2012,979.0,,
NICARAGUA,2013,994.0,,
NICARAGUA,2014,959.0,,
NICARAGUA,2015,925.0,,
NICARAGUA,2016,981.0,,
NICARAGUA,2017,982.0,,
NICARAGUA,2018,974.0,,
NICARAGUA,2019,949.0,,
NICARAGUA,2020,325.0,,
NICARAGUA,2021,372.0,,
NICARAGUA,2022,699.0,,
NIUE,2000,1.0,,
NIUE,2001,1.2,,
NIUE,2002,1.1,,
NIUE,2003,1.4,,
NIUE,2004,1.5,,
NIUE,2005,1.6,,
NIUE,2006,1.6,,
NIUE,2007,1.8,,
NIUE,2008,1.8,,
NIUE,2009,1.7,,
NIUE,2010,1.6,,
NIUE,2020,0.5,,
NIUE,2021,0.5,,
NORWAY,2000,2394.0,,
NORWAY,2001,2348.0,,
NORWAY,2002,2629.0,,
NORWAY,2003,2588.0,,
NORWAY,2004,2960.0,,
NORWAY,2005,3166.0,,
NORWAY,2006,3236.0,,
NORWAY,2007,3395.0,,
NORWAY,2009,6640.0,,
NORWAY,2010,7590.0,,
NORWAY,2011,8130.0,,
NORWAY,2012,9250.0,,
NORWAY,2013,9280.0,,
NORWAY,2014,9190.0,,
NORWAY,2015,8750.0,,
NORWAY,2016,8030.0,,
NORWAY,2017,8170.0,,
NORWAY,2018,8110.0,,
NORWAY,2019,8890.0,,
NORWAY,2020,1690.0,,
NORWAY,2021,1860.0,,
NORWAY,2022,7040.0,,
OMAN,2005,2018.0,478.0,2496.0
OMAN,2006,2248.0,416.0,2664.0
OMAN,2007,2263.0,682.0,2945.0
OMAN,2008,2062.0,1038.0,3100.0
OMAN,2009,1645.0,825.0,2470.0
OMAN,2010,1873.0,956.0,2829.0
OMAN,2011,2446.0,895.0,3341.0
OMAN,2012,2888.0,1084.0,3972.0
OMAN,2013,3103.0,1198.0,4301.0
OMAN,2014,3358.0,1369.0,4727.0
OMAN,2015,3838.0,1586.0,5424.0
OMAN,2016,4167.0,1735.0,5902.0
OMAN,2017,4473.0,1895.0,6368.0
OMAN,2018,3350.0,2625.0,5975.0
OMAN,2019,4224.0,2409.0,6633.0
OMAN,2020,1098.0,559.0,1657.0
OMAN,2021,1311.0,638.0,1949.0
OMAN,2022,3318.2,1869.4,5188.0
PANAMA,2000,216.0,,
PANAMA,2001,200.0,,
PANAMA,2002,200.0,,
PANAMA,2003,227.0,,
PANAMA,2004,256.0,,
PANAMA,2005,285.0,,
PANAMA,2006,284.0,,
PANAMA,2007,314.0,,
PANAMA,2008,369.0,,
PANAMA,2009,336.0,,
PANAMA,2010,392.0,,
PANAMA,2011,414.0,,
PANAMA,2012,447.0,,
PANAMA,2013,619.0,,
PANAMA,2014,853.0,,
PANAMA,2015,965.0,,
PANAMA,2016,1051.0,,
PANAMA,2017,869.0,,
PANAMA,2018,1020.0,,
PANAMA,2019,1226.0,,
PANAMA,2020,401.0,,
PANAMA,2021,583.0,,
PANAMA,2022,851.0,,
PAPUA NEW GUINEA,2000,52.0,,
PAPUA NEW GUINEA,2001,38.0,,
PAPUA NEW GUINEA,2002,92.0,,
PARAGUAY,2000,175.0,,
PARAGUAY,2001,157.0,,
PARAGUAY,2002,141.0,,
PARAGUAY,2003,153.0,,
PARAGUAY,2004,170.0,,
PARAGUAY,2005,188.0,,
PARAGUAY,2006,210.0,,
PARAGUAY,2007,242.0,,
PARAGUAY,2008,278.0,,
PARAGUAY,2009,288.0,,
PARAGUAY,2010,302.0,,
PARAGUAY,2011,347.0,,
PARAGUAY,2012,400.0,,
PARAGUAY,2013,440.0,,
PARAGUAY,2014,426.0,,
PARAGUAY,2015,1008.0,,
PARAGUAY,2016,1503.0,,
PARAGUAY,2017,1471.0,442.0,1913.0
PARAGUAY,2018,1447.0,435.0,1882.0
PARAGUAY,2019,1449.0,436.0,1885.0
PARAGUAY,2020,378.0,117.0,495.0
PARAGUAY,2021,366.0,110.0,476.0
PARAGUAY,2022,988.0,303.0,1291.0
PERU,2000,730.0,,
PERU,2001,1060.0,,
PERU,2002,1232.0,,
PERU,2003,1392.0,,
PERU,2004,1635.0,,
PERU,2005,1841.0,,
PERU,2006,1857.0,,
PERU,2007,1915.0,,
PERU,2008,1913.0,,
PERU,2009,1891.0,,
PERU,2010,2058.0,,
PERU,2011,2132.0,,
PERU,2012,2296.0,,
PERU,2013,2364.0,,
PERU,2014,2442.0,,
PERU,2015,2595.0,,
PERU,2016,2751.0,,
PERU,2017,2875.0,,
PERU,2018,3078.0,,
PERU,2019,3275.0,,
PERU,2020,791.0,,
PERU,2021,617.0,,
PERU,2022,2118.5,,
PHILIPPINES,2000,1670.0,,
PHILIPPINES,2001,1787.0,,
PHILIPPINES,2002,1969.0,,
PHILIPPINES,2003,1803.0,,
PHILIPPINES,2004,1920.0,,
PHILIPPINES,2005,2144.0,,
PHILIPPINES,2006,2745.0,,
PHILIPPINES,2007,3066.0,,
PHILIPPINES,2008,3355.0,,
PHILIPPINES,2009,3188.0,,
PHILIPPINES,2014,3488.0,,
PHILIPPINES,2015,5115.0,,
PHILIPPINES,2016,5703.0,,
POLAND,2000,,,56677.0
POLAND,2001,,,53122.0
POLAND,2002,,,45043.0
POLAND,2003,,,38730.0
POLAND,2004,,,37226.0
POLAND,2005,6200.0,34641.0,40841.0
POLAND,2006,7300.0,37396.0,44696.0
POLAND,2007,6900.0,40661.0,47561.0
POLAND,2008,7600.0,42643.0,50243.0
POLAND,2009,6300.0,32970.0,39270.0
POLAND,2010,7100.0,35660.0,42760.0
POLAND,2011,6300.0,36970.0,43270.0
POLAND,2012,9300.0,38990.0,48290.0
POLAND,2013,10050.0,42530.0,52580.0
POLAND,2014,10300.0,25100.0,35400.0
POLAND,2015,10900.0,33400.0,44300.0
POLAND,2016,11300.0,33200.0,44500.0
POLAND,2017,12000.0,34700.0,46700.0
POLAND,2018,12800.0,35800.0,48600.0
POLAND,2019,13500.0,37100.0,50600.0
POLAND,2020,6200.0,20706.0,26906.0
POLAND,2021,6813.0,17407.0,24220.0
POLAND,2022,11742.0,22006.0,33748.0
PORTUGAL,2004,,,17141.0
PORTUGAL,2005,,,18110.0
PORTUGAL,2006,,,18378.0
PORTUGAL,2007,,,20989.0
PORTUGAL,2012,1361.0,,
PORTUGAL,2013,1490.0,,
PORTUGAL,2014,1502.0,,
PORTUGAL,2015,1893.0,,
PORTUGAL,2016,1941.0,,
PORTUGAL,2017,2195.0,,
PORTUGAL,2018,2486.0,,
PORTUGAL,2019,3100.0,,
PORTUGAL,2020,680.0,,
PORTUGAL,2021,1012.0,,
PORTUGAL,2022,2657.0,,
PUERTO RICO,2000,1259.0,,
PUERTO RICO,2001,1331.0,,
PUERTO RICO,2002,1227.0,,
PUERTO RICO,2003,1272.0,,
PUERTO RICO,2004,1361.0,,
PUERTO RICO,2005,1410.0,,
PUERTO RICO,2006,1468.0,,
PUERTO RICO,2007,1441.0,,
PUERTO RICO,2008,1438.0,,
PUERTO RICO,2009,1116.0,,
PUERTO RICO,2010,980.0,,
PUERTO RICO,2011,924.0,,
PUERTO RICO,2012,876.0,,
PUERTO RICO,2013,839.0,,
PUERTO RICO,2014,793.0,,
PUERTO RICO,2015,746.0,,
PUERTO RICO,2016,789.0,,
PUERTO RICO,2017,784.0,,
PUERTO RICO,2018,731.0,,
PUERTO RICO,2019,766.0,,
PUERTO RICO,2020,688.0,,
PUERTO RICO,2021,659.0,,
PUERTO RICO,2022,1086.0,,
ROMANIA,2000,,,6388.0
ROMANIA,2001,,,6408.0
ROMANIA,2002,,,5757.0
ROMANIA,2003,,,6497.0
ROMANIA,2004,,,6972.0
ROMANIA,2005,,,7140.0
ROMANIA,2006,,,8906.0
ROMANIA,2007,,,10980.0
ROMANIA,2008,,,13072.0
ROMANIA,2009,,,11723.0
ROMANIA,2010,,,10905.0
ROMANIA,2011,,,10936.0
ROMANIA,2012,,,11149.0
ROMANIA,2013,,,11364.0
ROMANIA,2014,,,12299.0
ROMANIA,2015,,,13118.0
ROMANIA,2016,,,16128.0
ROMANIA,2017,,,19953.0
ROMANIA,2018,,,21039.0
ROMANIA,2019,,,23066.0
ROMANIA,2020,,,9510.0
ROMANIA,2021,,,11643.0
ROMANIA,2022,,,17265.0
RUSSIAN FEDERATION,2000,,,18371.0
RUSSIAN FEDERATION,2001,,,18030.0
RUSSIAN FEDERATION,2002,,,20428.0
RUSSIAN FEDERATION,2003,,,20572.0
RUSSIAN FEDERATION,2004,,,24507.0
RUSSIAN FEDERATION,2005,,,28416.0
RUSSIAN FEDERATION,2006,,,29107.0
RUSSIAN FEDERATION,2007,,,34285.0
RUSSIAN FEDERATION,2008,,,36538.0
RUSSIAN FEDERATION,2009,,,34276.0
RUSSIAN FEDERATION,2010,,,39323.0
RUSSIAN FEDERATION,2011,,,43726.0
RUSSIAN FEDERATION,2012,,,47813.0
RUSSIAN FEDERATION,2013,,,54069.0
RUSSIAN FEDERATION,2014,,,45889.0
RUSSIAN FEDERATION,2015,,,34550.0
RUSSIAN FEDERATION,2016,,,31659.0
RUSSIAN FEDERATION,2017,,,39629.0
RUSSIAN FEDERATION,2018,,,41964.0
RUSSIAN FEDERATION,2019,,,45330.0
RUSSIAN FEDERATION,2020,,,12361.0
SAMOA,2000,61.0,,
SAMOA,2001,56.0,,
SAMOA,2002,53.0,,
SAMOA,2003,51.0,,
SAMOA,2004,54.0,,
SAMOA,2005,52.0,,
SAMOA,2006,51.0,,
SAMOA,2007,52.0,,
SAMOA,2008,53.0,,
SAMOA,2009,43.0,,
SAMOA,2010,56.0,,
SAMOA,2011,57.0,,
SAMOA,2012,56.0,,
SAMOA,2013,51.0,,
SAMOA,2014,57.0,,
SAMOA,2015,54.0,,
SAMOA,2017,55.0,,
SAMOA,2018,64.0,,
SAMOA,2019,69.0,,
SAMOA,2020,18.5,,
SAMOA,2021,4.9,,
SAMOA,2022,25.0,,
SAO TOME AND PRINCIPE,2007,8.6,,
SAO TOME AND PRINCIPE,2008,10.3,,
SAUDI ARABIA,2002,7896.0,,
SAUDI ARABIA,2003,4104.0,,
SAUDI ARABIA,2004,3811.0,423.0,4234.0
SAUDI ARABIA,2005,4403.0,606.0,5009.0
SAUDI ARABIA,2006,2000.0,335.0,2336.0
SAUDI ARABIA,2007,4126.0,691.0,4817.0
SAUDI ARABIA,2008,4087.0,618.0,4705.0
SAUDI ARABIA,2009,6032.0,435.0,6467.0
SAUDI ARABIA,2010,17827.0,798.0,18625.0
SAUDI ARABIA,2011,15281.320349678323,584.0786602837678,15865.39900996209
SAUDI ARABIA,2012,18671.0,1414.0,20084.258799210005
SAUDI ARABIA,2013,19153.95934874298,3381.4985953570194,22535.457944099995
SAUDI ARABIA,2014,19824.4911796831,2498.10905854894,22322.602
SAUDI ARABIA,2015,20819.0,4235.0,25054.0
SAUDI ARABIA,2016,21207.0,6411.0,27618.0
SAUDI ARABIA,2017,21146.0,7602.0,28748.0
SAUDI ARABIA,2018,19751.0,7674.0,27425.0
SAUDI ARABIA,2019,19010.0,8186.0,27196.0
SAUDI ARABIA,2020,4839.0,1819.0,6657.0
SAUDI ARABIA,2021,8415.1,2263.1,10678.2
SAUDI ARABIA,2022,16882.0,7381.0,24264.0
SEYCHELLES,2000,36.0,,
SEYCHELLES,2001,41.0,,
SEYCHELLES,2002,53.0,,
SEYCHELLES,2003,50.0,,
SEYCHELLES,2004,48.0,,
SEYCHELLES,2005,52.0,,
SEYCHELLES,2006,55.0,,
SEYCHELLES,2007,58.0,,
SEYCHELLES,2008,54.0,,
SEYCHELLES,2009,49.0,,
SEYCHELLES,2010,59.0,,
SEYCHELLES,2011,48.0,,
SEYCHELLES,2012,45.0,,
SEYCHELLES,2013,47.0,,
SEYCHELLES,2014,50.0,,
SEYCHELLES,2015,56.0,,
SEYCHELLES,2016,68.0,,
SEYCHELLES,2017,74.0,,
SEYCHELLES,2018,72.0,,
SEYCHELLES,2019,76.0,,
SEYCHELLES,2020,19.0,,
SEYCHELLES,2021,27.0,,
SEYCHELLES,2022,51.0,,
SIERRA LEONE,2000,13.0,,
SIERRA LEONE,2001,20.0,,
SIERRA LEONE,2002,27.0,,
SIERRA LEONE,2003,13.0,,
SIERRA LEONE,2004,28.0,,
SIERRA LEONE,2005,63.0,,
SIERRA LEONE,2006,67.0,,
SIERRA LEONE,2007,71.0,,
SIERRA LEONE,2008,73.0,,
SIERRA LEONE,2009,72.0,,
SIERRA LEONE,2010,76.0,,
SIERRA LEONE,2011,99.0,,
SIERRA LEONE,2012,104.0,,
SIERRA LEONE,2013,111.0,,
SIERRA LEONE,2014,93.0,,
SIERRA LEONE,2015,61.0,,
SIERRA LEONE,2016,92.0,,
SIERRA LEONE,2017,110.0,,
SIERRA LEONE,2018,112.0,,
SIERRA LEONE,2019,122.0,,
SIERRA LEONE,2020,38.0,,
SIERRA LEONE,2021,25.0,,
SINGAPORE,2000,4444.0,,
SINGAPORE,2001,4363.0,,
SINGAPORE,2002,4399.0,,
SINGAPORE,2003,4221.0,,
SINGAPORE,2004,5165.0,,
SINGAPORE,2005,5159.0,,
SINGAPORE,2006,5533.0,,
SINGAPORE,2007,6024.0,,
SINGAPORE,2008,6828.0,,
SINGAPORE,2009,6961.0,,
SINGAPORE,2010,7342.0,,
SINGAPORE,2011,7753.0,,
SINGAPORE,2012,8048.0,,
SINGAPORE,2013,8647.0,,
SINGAPORE,2014,8903.0,,
SINGAPORE,2015,9125.0,,
SINGAPORE,2016,9474.0,,
SINGAPORE,2017,9889.0,,
SINGAPORE,2018,10378.0,,
SINGAPORE,2019,10711.0,,
SINGAPORE,2020,1543.0,,
SINGAPORE,2021,833.0,,
SINGAPORE,2022,5154.0,,
SLOVAKIA,2005,,,2987.0
SLOVAKIA,2006,,,3149.0
SLOVAKIA,2007,,,3603.0
SLOVAKIA,2008,,,3683.0
SLOVAKIA,2009,,,3230.0
SLOVAKIA,2010,,,2692.0
SLOVAKIA,2011,,,3285.0
SLOVAKIA,2012,,,2689.0
SLOVAKIA,2013,,,2129.0
SLOVAKIA,2014,,,2406.0
SLOVAKIA,2015,,,2777.0
SLOVAKIA,2016,,,3095.0
SLOVAKIA,2017,,,3870.0
SLOVAKIA,2018,,,4662.0
SLOVAKIA,2019,,,5214.0
SLOVAKIA,2020,,,1044.0
SLOVAKIA,2021,,,1562.0
SLOVENIA,2000,1965.0,,
SLOVENIA,2001,2055.0,,
SLOVENIA,2002,2127.0,,
SLOVENIA,2003,2114.0,,
SLOVENIA,2004,2800.0,,
SLOVENIA,2005,2660.0,4076.0,6736.0
SLOVENIA,2006,2680.0,4134.0,6814.0
SLOVENIA,2007,2496.0,3073.0,5569.0
SLOVENIA,2008,2459.0,3031.0,5490.0
SLOVENIA,2009,2586.0,2989.0,5575.0
SLOVENIA,2010,2874.0,2466.0,5340.0
SLOVENIA,2011,2722.0,2351.0,5073.0
SLOVENIA,2012,2474.0,1991.0,4465.0
SLOVENIA,2013,2612.0,1828.0,4440.0
SLOVENIA,2014,2642.0,2030.0,4672.0
SLOVENIA,2015,2867.0,2042.0,4909.0
SLOVENIA,2016,2853.0,2555.0,5408.0
SLOVENIA,2017,3013.0,2397.0,5410.0
SLOVENIA,2018,3188.0,2221.0,5409.0
SLOVENIA,2019,3170.0,2879.0,6049.0
SLOVENIA,2020,1138.0,754.0,1892.0
SLOVENIA,2021,2123.0,907.0,3030.0
SLOVENIA,2022,3161.0,1566.0,4727.0
SPAIN,2000,4100.0,,
SPAIN,2001,4139.0,,
SPAIN,2002,3871.0,,
SPAIN,2003,4094.0,,
SPAIN,2004,5121.0,,
SPAIN,2005,10464.0,,
SPAIN,2006,10678.0,,
SPAIN,2007,11276.0,1433.0,12709.0
SPAIN,2008,11229.0,1813.0,13042.0
SPAIN,2009,12017.0,1737.0,13754.0
SPAIN,2010,12379.0,1875.0,14254.0
SPAIN,2011,13347.0,2597.0,15944.0
SPAIN,2012,12422.0,2494.0,14916.0
SPAIN,2013,11246.0,2188.0,13434.0
SPAIN,2014,11783.0,2169.0,13952.0
SPAIN,2015,14407.0,3218.0,17625.0
SPAIN,2016,15405.0,2872.0,18277.0
SPAIN,2017,17031.0,3243.0,20274.0
SPAIN,2018,19032.0,3255.0,22287.0
SPAIN,2019,19845.0,2971.0,22816.0
SPAIN,2020,4940.0,1296.0,6236.0
SPAIN,2021,7013.0,1525.0,8538.0
SPAIN,2022,15755.0,2498.0,18253.0
SRI LANKA,2000,524.0,,
SRI LANKA,2001,505.0,,
SRI LANKA,2002,533.0,,
SRI LANKA,2003,561.0,,
SRI LANKA,2004,680.0,,
SRI LANKA,2005,727.0,,
SRI LANKA,2006,757.0,,
SRI LANKA,2007,862.0,,
SRI LANKA,2008,966.0,,
SRI LANKA,2009,963.0,,
SRI LANKA,2010,1122.0,,
SRI LANKA,2011,1239.0,,
SRI LANKA,2012,1269.0,,
SRI LANKA,2013,1262.0,,
SRI LANKA,2014,1311.0,,
SRI LANKA,2015,1356.0,,
SRI LANKA,2016,1448.0,,
SRI LANKA,2017,1439.0,,
SRI LANKA,2018,1476.0,,
SRI LANKA,2019,1441.0,,
SRI LANKA,2020,305.0,,
SRI LANKA,2021,309.0,,
SRI LANKA,2022,1127.5,,
SWEDEN,2000,10147.0,,
SWEDEN,2001,10741.0,,
SWEDEN,2002,12888.0,,
SWEDEN,2003,12649.0,,
SWEDEN,2004,13950.0,,
SWEDEN,2005,15677.0,,
SWEDEN,2006,12559.0,,
SWEDEN,2007,12692.0,,
SWEDEN,2008,13291.0,,
SWEDEN,2009,11699.0,,
SWEDEN,2010,13042.0,,
SWEDEN,2011,14651.0,,
SWEDEN,2012,15548.0,,
SWEDEN,2013,15917.0,,
SWEDEN,2017,20361.0,1760.0,22121.0
SWEDEN,2018,18855.0,1084.0,19939.0
SWEDEN,2019,18000.0,1061.0,19061.0
SWEDEN,2020,4225.0,1856.0,6081.0
SWEDEN,2021,5767.0,1848.0,7615.0
SWITZERLAND,2000,12240.0,,
SWITZERLAND,2001,11554.0,,
SWITZERLAND,2002,11427.0,,
SWITZERLAND,2003,8774.0,6202.0,17548.0
SWITZERLAND,2008,11147.0,6260.0,17407.0
SWITZERLAND,2009,10453.0,6069.0,16522.0
SWITZERLAND,2010,10011.0,5892.0,15902.0
SWITZERLAND,2011,10466.0,8483.0,18949.0
SWITZERLAND,2012,12098.0,8194.0,20293.0
SWITZERLAND,2013,12403.0,7900.0,20303.0
SWITZERLAND,2014,12518.0,7316.0,19833.0
SWITZERLAND,2015,13601.0,8486.0,22086.0
SWITZERLAND,2016,13857.0,7679.0,21536.0
SWITZERLAND,2017,15318.0,7163.0,22481.0
SWITZERLAND,2018,15285.0,9287.0,24572.0
SWITZERLAND,2019,13443.0,6354.0,19797.0
SWITZERLAND,2020,6118.0,1506.0,7694.0
SWITZERLAND,2021,6296.0,3868.0,10164.0
SWITZERLAND,2022,11275.1,4570.7,15846.0
SYRIAN ARAB REPUBLIC,2000,3863.0,,
SYRIAN ARAB REPUBLIC,2001,3492.0,,
SYRIAN ARAB REPUBLIC,2002,3299.0,,
SYRIAN ARAB REPUBLIC,2003,3997.0,,
SYRIAN ARAB REPUBLIC,2004,4309.0,,
SYRIAN ARAB REPUBLIC,2005,4564.0,,
SYRIAN ARAB REPUBLIC,2006,4042.0,,
SYRIAN ARAB REPUBLIC,2007,4196.0,,
SYRIAN ARAB REPUBLIC,2008,5253.0,,
SYRIAN ARAB REPUBLIC,2009,5215.0,,
SYRIAN ARAB REPUBLIC,2010,6259.0,,
TAIWAN PROVINCE OF CHINA,2000,,,7329.0
TAIWAN PROVINCE OF CHINA,2001,,,7153.0
TAIWAN PROVINCE OF CHINA,2002,,,7319.0
TAIWAN PROVINCE OF CHINA,2003,,,5923.0
TAIWAN PROVINCE OF CHINA,2004,,,7781.0
TAIWAN PROVINCE OF CHINA,2005,,,8208.0
TAIWAN PROVINCE OF CHINA,2006,,,8671.0
TAIWAN PROVINCE OF CHINA,2007,,,8964.0
TAIWAN PROVINCE OF CHINA,2008,,,8465.0
TAIWAN PROVINCE OF CHINA,2009,,,8143.0
TAIWAN PROVINCE OF CHINA,2010,,,9415.0
TAIWAN PROVINCE OF CHINA,2011,,,9584.0
TAIWAN PROVINCE OF CHINA,2012,,,10240.0
TAIWAN PROVINCE OF CHINA,2013,,,11053.0
TAIWAN PROVINCE OF CHINA,2014,,,11845.0
TAIWAN PROVINCE OF CHINA,2015,,,13183.0
TAIWAN PROVINCE OF CHINA,2016,,,14589.0
TAIWAN PROVINCE OF CHINA,2017,,,15655.0
TAIWAN PROVINCE OF CHINA,2018,,,16645.0
TAIWAN PROVINCE OF CHINA,2019,,,17101.0
TAIWAN PROVINCE OF CHINA,2020,,,2336.0
TAIWAN PROVINCE OF CHINA,2021,,,360.0
TAIWAN PROVINCE OF CHINA,2022,,,1483.0
TAJIKISTAN,2000,6.4,,
TAJIKISTAN,2001,2.7,,
TAJIKISTAN,2012,15.0,,
TAJIKISTAN,2013,15.0,,
TAJIKISTAN,2014,19.0,,
TAJIKISTAN,2015,16.0,,
TAJIKISTAN,2016,22.0,,
TAJIKISTAN,2017,31.0,,
TAJIKISTAN,2018,31.0,,
"TANZANIA, UNITED REPUBLIC OF",2021,121.0,249.0,371.0
THAILAND,2000,1909.0,,
THAILAND,2001,2011.0,,
THAILAND,2002,2250.0,,
THAILAND,2003,2152.0,,
THAILAND,2004,2709.0,,
THAILAND,2005,3047.0,,
THAILAND,2006,3382.0,,
THAILAND,2007,4018.0,,
THAILAND,2008,3908.0,,
THAILAND,2009,4653.0,,
THAILAND,2010,5451.0,,
THAILAND,2011,5397.0,,
THAILAND,2012,5721.0,,
THAILAND,2013,5970.0,,
THAILAND,2014,6444.0,,
THAILAND,2015,6794.0,,
THAILAND,2016,8204.0,,
THAILAND,2017,8963.0,,
THAILAND,2018,9966.0,,
THAILAND,2019,10446.0,,
THAILAND,2020,1706.0,,
THAILAND,2021,33.0,,
TOGO,2016,191.0,,
TOGO,2017,216.0,,
TOGO,2018,236.0,,
TOGO,2019,269.0,,
TRINIDAD AND TOBAGO,2009,270.0,,
TRINIDAD AND TOBAGO,2010,273.0,,
TUNISIA,2000,1632.0,,
TUNISIA,2001,1669.0,,
TUNISIA,2002,1939.0,,
TUNISIA,2003,2274.0,,
TUNISIA,2004,2312.0,,
TUNISIA,2005,2241.0,,
TUNISIA,2006,2302.0,,
TUNISIA,2007,2743.0,,
TUNISIA,2008,3118.0,,
TUNISIA,2009,2623.0,,
TUNISIA,2010,2250.0,,
TUNISIA,2011,2303.0,,
TUNISIA,2012,2897.0,,
TUNISIA,2013,2873.0,,
TUNISIA,2014,2637.0,,
TUNISIA,2016,1830.0,,
TUNISIA,2018,2515.0,,
TUNISIA,2019,2781.0,,
TUNISIA,2020,739.0,,
TUNISIA,2021,1748.0,,
TUNISIA,2022,3314.0,,
TURKMENISTAN,2000,78.0,,
TURKMENISTAN,2001,111.0,,
TURKMENISTAN,2002,79.0,,
TURKMENISTAN,2003,34.0,,
TURKMENISTAN,2004,32.0,,
TURKMENISTAN,2005,33.0,,
TURKMENISTAN,2006,33.0,,
TURKMENISTAN,2007,38.0,,
TUVALU,2000,2.9,,
TUVALU,2001,2.8,,
TUVALU,2002,2.7,,
TUVALU,2003,2.6,,
TUVALU,2004,2.3,,
TUVALU,2005,2.2,,
TUVALU,2006,2.0,,
TUVALU,2007,2.4,,
TUVALU,2011,2.1,,
TUVALU,2018,4.2,,
TUVALU,2019,4.7,,
TUVALU,2020,1.5,,
TUVALU,2021,0.5,,
TUVALU,2022,1.4,,
TÜRKIYE,2000,5284.0,,
TÜRKIYE,2001,4856.0,,
TÜRKIYE,2002,5131.0,,
TÜRKIYE,2003,5928.0,,
TÜRKIYE,2004,7299.0,,
TÜRKIYE,2005,8246.0,,
TÜRKIYE,2006,8275.0,,
TÜRKIYE,2007,4956.0,,
TÜRKIYE,2008,4893.0,,
TÜRKIYE,2009,5561.0,,
TÜRKIYE,2010,6557.0,,
TÜRKIYE,2011,6282.0,,
TÜRKIYE,2012,5803.0,,
TÜRKIYE,2013,7526.0,,
TÜRKIYE,2014,7982.0,,
TÜRKIYE,2015,8751.0,,
TÜRKIYE,2016,7892.0,,
TÜRKIYE,2017,8887.0,,
TÜRKIYE,2018,8383.0,,
TÜRKIYE,2019,9651.0,,
TÜRKIYE,2020,2243.0,,
TÜRKIYE,2021,2738.0,,
TÜRKIYE,2022,7267.0,,
UGANDA,2000,153.0,,
UGANDA,2001,152.0,,
UGANDA,2002,184.0,,
UGANDA,2003,189.0,,
UGANDA,2004,231.0,,
UGANDA,2005,189.0,,
UGANDA,2006,254.0,,
UGANDA,2007,272.0,,
UGANDA,2008,337.0,,
UGANDA,2009,311.0,,
UGANDA,2010,324.0,,
UGANDA,2011,367.0,,
UGANDA,2012,469.0,,
UGANDA,2013,471.0,,
UGANDA,2014,511.0,,
UGANDA,2015,523.0,,
UGANDA,2016,568.0,,
UGANDA,2017,563.0,,
UGANDA,2019,488.0,,
UGANDA,2020,197.0,,
UGANDA,2021,331.0,,
UGANDA,2022,397.0,,
UKRAINE,2000,13422.0,,
UKRAINE,2001,14849.0,,
UKRAINE,2002,14729.0,,
UKRAINE,2003,14795.0,,
UKRAINE,2004,15588.0,,
UKRAINE,2005,16454.0,,
UKRAINE,2006,16875.0,,
UKRAINE,2007,17335.0,531.0,17866.0
UKRAINE,2008,15499.0,601.0,16100.0
UKRAINE,2009,15334.0,627.0,15961.0
UKRAINE,2010,17180.0,561.0,17741.0
UKRAINE,2011,19773.0,562.0,20335.0
UKRAINE,2012,21433.0,322.0,21755.0
UKRAINE,2013,23761.0,227.0,23988.0
UKRAINE,2014,22438.0,199.0,22637.0
UKRAINE,2015,23142.0,194.0,23336.0
UKRAINE,2016,24668.0,558.0,25226.0
UKRAINE,2017,26437.0,630.0,27067.0
UKRAINE,2018,27811.0,166.0,27977.0
UKRAINE,2019,28880.0,466.0,29346.0
UKRAINE,2020,11018.0,233.0,11251.0
UKRAINE,2021,14352.0,374.0,14726.0
UKRAINE,2022,15184.0,355.0,15539.0
UNITED ARAB EMIRATES,2015,17407.0,484.0,17890.0
UNITED ARAB EMIRATES,2016,18222.0,506.0,18728.0
UNITED ARAB EMIRATES,2017,18356.0,510.0,18866.0
UNITED ARAB EMIRATES,2018,18454.0,513.0,18967.0
UNITED ARAB EMIRATES,2019,18395.0,511.0,18906.0
UNITED ARAB EMIRATES,2020,6284.0,175.0,6458.0
UNITED ARAB EMIRATES,2021,7258.1,196.7,7453.8
UNITED KINGDOM,2000,,,56837.0
UNITED KINGDOM,2001,,,58281.0
UNITED KINGDOM,2002,,,59377.0
UNITED KINGDOM,2003,,,61424.0
UNITED KINGDOM,2004,,,64194.0
UNITED KINGDOM,2005,,,66494.0
UNITED KINGDOM,2006,,,69536.0
UNITED KINGDOM,2007,,,69450.0
UNITED KINGDOM,2008,,,69011.0
UNITED KINGDOM,2009,,,63513.0
UNITED KINGDOM,2010,,,64647.0
UNITED KINGDOM,2011,,,67493.0
UNITED KINGDOM,2012,,,66858.0
UNITED KINGDOM,2013,,,68959.0
UNITED KINGDOM,2014,,,72204.0
UNITED KINGDOM,2015,,,77619.0
UNITED KINGDOM,2016,,,81757.0
UNITED KINGDOM,2017,,,87242.0
UNITED KINGDOM,2018,,,90571.0
UNITED KINGDOM,2019,,,93086.0
UNITED KINGDOM,2020,,,23827.0
UNITED KINGDOM,2021,,,19142.0
UNITED KINGDOM,2022,,361.0,70950.0
UNITED STATES OF AMERICA,2000,61327.0,26646.0,87973.0
UNITED STATES OF AMERICA,2001,59442.0,25313.0,84755.0
UNITED STATES OF AMERICA,2002,58066.0,22817.0,80883.0
UNITED STATES OF AMERICA,2003,56250.0,19630.0,75880.0
UNITED STATES OF AMERICA,2004,61809.0,17846.0,79655.0
UNITED STATES OF AMERICA,2005,63503.0,15712.0,79215.0
UNITED STATES OF AMERICA,2006,63663.0,84849.0,148511.0
UNITED STATES OF AMERICA,2007,64049.0,76314.0,140364.0
UNITED STATES OF AMERICA,2008,63653.0,72496.0,136148.0
UNITED STATES OF AMERICA,2009,62130.0,67903.0,129954.0
UNITED STATES OF AMERICA,2010,61061.0,60513.0,121574.0
UNITED STATES OF AMERICA,2011,59209.0,54880.0,114089.0
UNITED STATES OF AMERICA,2012,60697.0,55632.0,116329.0
UNITED STATES OF AMERICA,2013,61344.0,57094.0,118968.0
UNITED STATES OF AMERICA,2014,68185.0,53523.0,121699.0
UNITED STATES OF AMERICA,2015,74191.0,56911.0,130364.0
UNITED STATES OF AMERICA,2016,80223.0,61303.0,141526.0
UNITED STATES OF AMERICA,2017,87657.0,60388.0,148045.0
UNITED STATES OF AMERICA,2018,93137.4,65308.0,158445.4
UNITED STATES OF AMERICA,2019,99744.4,71185.7,170930.1
UNITED STATES OF AMERICA,2020,33499.4,27050.6,60549.9
URUGUAY,2000,667.0,,
URUGUAY,2001,531.0,,
URUGUAY,2002,530.0,,
URUGUAY,2003,495.0,,
URUGUAY,2004,569.0,,
URUGUAY,2005,658.0,,
URUGUAY,2006,666.0,,
URUGUAY,2007,635.0,,
URUGUAY,2008,734.0,,
URUGUAY,2009,826.0,,
URUGUAY,2010,1027.0,,
URUGUAY,2011,1534.0,,
URUGUAY,2012,1816.0,,
URUGUAY,2013,2281.0,,
URUGUAY,2014,2396.0,,
URUGUAY,2015,2217.0,,
URUGUAY,2016,1715.0,,
URUGUAY,2017,1789.0,,
URUGUAY,2018,1947.0,,
URUGUAY,2019,2199.0,,
URUGUAY,2021,93.0,,
UZBEKISTAN,2000,,,217.0
UZBEKISTAN,2001,,,183.0
UZBEKISTAN,2002,,,264.0
UZBEKISTAN,2003,,,400.0
UZBEKISTAN,2004,,,455.0
UZBEKISTAN,2005,,,572.0
UZBEKISTAN,2006,,,893.0
UZBEKISTAN,2007,,,1248.0
UZBEKISTAN,2008,,,1150.0
UZBEKISTAN,2009,,,1317.0
UZBEKISTAN,2010,,,1610.0
UZBEKISTAN,2013,,,3117.0
UZBEKISTAN,2014,,,2786.0
UZBEKISTAN,2015,,,3491.0
UZBEKISTAN,2016,,,3848.0
UZBEKISTAN,2017,,,5182.0
UZBEKISTAN,2018,,,8594.0
UZBEKISTAN,2019,,,8437.0
VANUATU,2000,12.0,,
VANUATU,2001,11.0,,
VANUATU,2002,11.0,,
VANUATU,2003,12.0,,
VANUATU,2004,13.0,,
VANUATU,2005,14.0,,
VANUATU,2006,15.0,,
VANUATU,2007,16.0,,
VANUATU,2008,19.0,,
VANUATU,2009,20.0,,
VANUATU,2010,21.0,,
VANUATU,2011,22.0,,
VANUATU,2012,23.0,,
VANUATU,2013,26.0,,
VANUATU,2014,26.0,,
VANUATU,2015,27.0,,
VANUATU,2016,20.3,,
VANUATU,2017,26.3,,
VANUATU,2018,28.4,,
VANUATU,2019,36.4,,
VANUATU,2020,9.4,,
VANUATU,2021,9.0,,
VANUATU,2022,18.2,,
"VENEZUELA, BOLIVARIAN REPUBLIC OF",2000,954.0,,
"VENEZUELA, BOLIVARIAN REPUBLIC OF",2001,933.0,,
"VENEZUELA, BOLIVARIAN REPUBLIC OF",2002,881.0,,
"VENEZUELA, BOLIVARIAN REPUBLIC OF",2003,832.0,,
"VENEZUELA, BOLIVARIAN REPUBLIC OF",2004,816.0,,
"VENEZUELA, BOLIVARIAN REPUBLIC OF",2005,1067.0,,
"VENEZUELA, BOLIVARIAN REPUBLIC OF",2006,1095.0,,
"VENEZUELA, BOLIVARIAN REPUBLIC OF",2007,1410.0,,
"VENEZUELA, BOLIVARIAN REPUBLIC OF",2008,1745.0,,
"VENEZUELA, BOLIVARIAN REPUBLIC OF",2009,1651.0,,
"VENEZUELA, BOLIVARIAN REPUBLIC OF",2010,1477.0,,
"VENEZUELA, BOLIVARIAN REPUBLIC OF",2011,1719.0,,
"VENEZUELA, BOLIVARIAN REPUBLIC OF",2012,1734.0,,
"VENEZUELA, BOLIVARIAN REPUBLIC OF",2013,1931.0,,
"VENEZUELA, BOLIVARIAN REPUBLIC OF",2014,1589.0,,
"VENEZUELA, BOLIVARIAN REPUBLIC OF",2015,1539.0,,
"VENEZUELA, BOLIVARIAN REPUBLIC OF",2016,1530.0,,
"VENEZUELA, BOLIVARIAN REPUBLIC OF",2017,1079.0,,
ZIMBABWE,2003,386.0,,
ZIMBABWE,2004,498.0,,
ZIMBABWE,2005,474.0,,
ZIMBABWE,2006,541.0,,
ZIMBABWE,2007,547.0,,
ZIMBABWE,2008,593.0,,
ZIMBABWE,2009,631.0,,
ZIMBABWE,2010,650.0,,
ZIMBABWE,2011,693.0,,
ZIMBABWE,2012,720.0,,
ZIMBABWE,2013,2946.0,,
ZIMBABWE,2014,3182.0,,
ZIMBABWE,2015,3393.0,,
ZIMBABWE,2016,3192.0,,
ZIMBABWE,2017,2768.0,,
ZIMBABWE,2018,2288.0,,
ZIMBABWE,2019,3275.0,,
ZIMBABWE,2020,993.0,,
ZIMBABWE,2021,597.0,,
ZIMBABWE,2022,1610.0,,
